playerID,nameFirst,nameLast,bats,throws,walks,hits,ab,singles,doubles,triples,hr,hbp,sacf,runs,rbi,sb,post_ab,post_h,post_games,assists,po,errors,as_games,mvp,gg,ws_wins,ws_losses,gp,mfp,firstyear,inducted
hendeda01,Dave,Henderson,R,R,465,1324,5130,824,286,17,197,22,41,710,708,50,121,36,36,99,3334,55,1,NULL,NULL,1,3,1538,CF,2000,0
wittmi01,Mike,Witt,R,R,0,0,0,0,0,0,0,0,0,0,0,0,0,0,3,298,147,23,0,NULL,NULL,NULL,NULL,341,PITCHER,1999,0
parrila01,Larry,Parrish,R,R,529,1789,6792,1140,360,33,256,42,56,850,992,30,45,8,14,1978,1700,195,2,NULL,NULL,NULL,NULL,1891,3B,1994,0
hillejo01,John,Hiller,R,L,3,11,101,10,1,0,0,0,0,2,4,0,0,0,5,136,45,8,0,0,0,1,NULL,546,PITCHER,1986,0
howelro02,Roy,Howell,L,R,318,991,3791,697,183,31,80,23,24,422,454,9,19,2,9,1676,757,141,1,NULL,NULL,NULL,1,1112,3B,1990,0
candito01,Tom,Candiotti,R,R,7,35,299,30,5,0,0,1,1,11,12,0,0,0,3,437,230,18,NULL,NULL,NULL,NULL,NULL,453,PITCHER,2005,0
tudorjo01,John,Tudor,L,L,17,59,384,50,7,2,0,0,1,22,18,1,17,0,11,321,85,11,NULL,0,0,1,2,289,PITCHER,1996,0
sandbry01,Ryne,Sandberg,R,R,761,2386,8385,1625,403,76,282,34,71,1318,1061,344,39,15,10,6648,3892,120,10,1,9,NULL,NULL,2164,2B,2003,1
sexsori01,Richie,Sexson,R,R,588,1286,4928,703,260,17,306,52,36,748,943,14,14,1,9,950,9838,61,2,NULL,NULL,NULL,1,1367,1B,2014,0
clarkwi02,Will,Clark,L,L,937,2176,7173,1405,440,47,284,59,101,1186,1205,67,117,39,31,1294,16695,136,6,0,1,NULL,1,1976,1B,2006,0
sutclri01,Rick,Sutcliffe,L,R,34,102,562,75,22,1,4,2,5,42,55,4,8,4,3,404,211,17,2,0,0,1,1,466,PITCHER,2000,0
abbotji01,Jim,Abbott,L,L,0,2,21,2,0,0,0,0,0,0,3,0,NULL,NULL,NULL,300,72,9,NULL,0,0,NULL,NULL,263,PITCHER,2005,0
gilesbr02,Brian,Giles,L,L,1183,1897,6527,1144,411,55,287,51,70,1121,1078,109,77,16,29,95,3447,71,2,NULL,NULL,NULL,2,1847,RF,2015,0
niekrjo01,Joe,Niekro,R,R,38,152,973,124,26,1,1,1,6,55,72,1,5,0,4,532,253,25,0,0,0,1,NULL,706,PITCHER,1994,0
mulhote01,Terry,Mulholland,R,L,13,69,619,53,13,1,2,1,1,26,23,1,2,0,15,385,114,51,1,NULL,NULL,NULL,3,687,PITCHER,2012,0
glavito02,Tom,Glavine,L,L,101,246,1323,218,25,2,1,2,3,93,90,1,59,10,36,856,262,26,6,0,0,1,4,709,PITCHER,2014,1
vizquom01,Omar,Vizquel,B,R,1028,2877,10586,2264,456,77,80,49,94,1445,951,404,228,57,57,8050,4268,190,3,0,11,NULL,2,2968,SS,2018,0
gullibi01,Bill,Gullickson,R,R,20,81,576,62,16,0,3,0,2,30,27,0,6,0,3,277,185,16,NULL,NULL,NULL,NULL,NULL,398,PITCHER,2000,0
posadjo01,Jorge,Posada,B,R,936,1664,6092,1000,379,10,275,74,47,900,1065,20,416,103,125,715,10207,92,5,0,0,5,2,1829,CATCHER,2017,0
conceda01,Dave,Concepcion,R,R,736,2326,8723,1788,389,48,101,21,86,993,950,321,101,30,34,7024,4245,326,7,0,5,2,2,2488,SS,1994,0
anderga01,Garret,Anderson,L,L,429,2529,8640,1684,522,36,287,8,87,1084,1365,80,147,36,36,109,4057,48,3,0,0,1,NULL,2228,LF,2016,0
kennejo03,John,Kennedy,R,R,142,475,2110,349,77,17,32,25,11,237,185,14,6,1,6,1456,886,115,NULL,NULL,NULL,1,1,856,3B,1980,0
hoernjo01,Joe,Hoerner,R,L,2,6,59,4,1,0,1,0,0,2,3,0,2,1,5,57,19,8,0,NULL,NULL,1,1,493,PITCHER,1983,0
alleyge01,Gene,Alley,R,R,300,999,3927,760,140,44,55,27,22,442,342,63,27,1,10,3641,1879,166,1,0,2,1,NULL,1195,SS,1979,0
rhoderi01,Rick,Rhoden,R,R,17,181,761,134,38,0,9,0,5,58,75,0,4,1,4,386,173,6,1,0,0,1,3,427,PITCHER,1995,0
reynosh01,Shane,Reynolds,R,R,14,77,546,57,15,0,5,2,1,34,43,0,8,1,5,287,121,9,0,NULL,NULL,NULL,NULL,306,PITCHER,2010,0
rudijo01,Joe,Rudi,R,R,369,1468,5556,963,287,39,179,35,51,684,810,25,140,36,38,159,4167,41,3,0,3,3,NULL,1547,LF,1988,0
carewro01,Rod,Carew,L,R,1018,3053,9315,2404,445,112,92,25,64,1424,1015,353,50,11,14,3709,13510,260,15,1,0,NULL,NULL,2469,1B,1991,1
vanslan01,Andy,Van Slyke,L,R,667,1562,5711,1014,293,91,164,27,61,835,792,245,100,19,31,262,3923,55,2,0,5,NULL,1,1658,CF,2001,0
mcdowsa01,Sam,McDowell,L,L,16,119,774,108,7,2,2,1,4,34,36,0,NULL,NULL,NULL,328,80,33,4,0,0,NULL,NULL,429,PITCHER,1981,0
reeseri01,Rich,Reese,L,L,158,512,2020,370,73,17,52,20,16,248,245,16,19,3,5,269,4109,36,NULL,NULL,NULL,NULL,1,866,1B,1979,0
jonesan01,Andruw,Jones,R,R,891,1933,7599,1080,383,36,434,97,71,1204,1289,152,238,65,76,125,4986,50,4,0,10,NULL,2,2196,CF,2018,0
woodwi01,Wilbur,Wood,R,L,20,27,322,25,2,0,0,1,0,11,13,1,NULL,NULL,NULL,523,84,14,1,0,0,NULL,NULL,651,PITCHER,1984,0
murreiv01,Ivan,Murrell,R,R,44,308,1306,219,41,15,33,9,5,126,123,20,NULL,NULL,NULL,42,921,25,NULL,NULL,NULL,NULL,NULL,564,LF,1980,0
lanieha01,Hal,Lanier,R,R,136,843,3703,704,111,20,8,4,19,297,273,11,1,0,1,3408,2041,140,NULL,NULL,NULL,NULL,NULL,1196,SS,1979,0
ryanno01,Nolan,Ryan,R,R,38,94,852,80,10,2,2,0,2,40,36,3,16,3,9,547,220,90,5,0,0,1,NULL,807,PITCHER,1999,1
cirilje01,Jeff,Cirillo,R,R,563,1598,5396,1122,343,21,112,67,59,800,727,63,6,2,4,2703,1371,126,2,NULL,NULL,NULL,NULL,1617,3B,2013,0
flanami01,Mike,Flanagan,L,L,0,0,0,0,0,0,0,0,0,0,0,0,6,0,7,430,89,11,0,0,0,1,1,529,PITCHER,1998,0
perraro01,Ron,Perranoski,L,L,10,16,167,14,1,1,0,0,0,6,3,0,1,0,10,222,45,18,NULL,0,0,2,1,737,PITCHER,1979,0
kisonbr01,Bruce,Kison,R,R,16,66,404,43,15,5,3,3,1,31,31,2,7,0,10,297,140,16,NULL,NULL,NULL,2,NULL,388,PITCHER,1991,0
mcdowja01,Jack,McDowell,R,R,0,0,0,0,0,0,0,0,0,0,0,0,0,0,5,245,139,13,3,0,0,NULL,1,277,PITCHER,2005,0
hornebo01,Bob,Horner,R,R,369,1047,3777,652,169,8,218,16,50,560,685,14,11,1,3,1440,3641,117,1,0,0,NULL,NULL,1020,3B,1994,0
vaughgr01,Greg,Vaughn,R,R,865,1475,6103,813,284,23,355,37,54,1017,1072,121,41,9,14,65,2518,38,2,0,0,NULL,1,1731,LF,2009,0
phillto02,Tony,Phillips,B,R,1319,2023,7617,1453,360,50,160,42,63,1300,819,177,46,10,13,3491,3564,236,NULL,NULL,NULL,1,1,2161,2B,2005,0
mitchke01,Kevin,Mitchell,R,R,491,1173,4134,690,224,25,234,27,42,630,760,30,80,23,23,566,1676,86,2,1,0,1,2,1223,LF,2004,0
jonesra01,Randy,Jones,R,L,22,79,599,71,8,0,0,0,2,37,20,1,NULL,NULL,NULL,465,114,18,2,0,0,NULL,NULL,319,PITCHER,1988,0
koosmje01,Jerry,Koosman,R,L,33,109,915,94,12,1,2,2,2,36,46,1,17,3,7,582,116,42,2,NULL,NULL,1,1,612,PITCHER,1991,0
seleaa01,Aaron,Sele,R,R,3,9,58,7,2,0,0,0,0,5,1,0,0,0,7,233,119,21,1,NULL,NULL,1,NULL,404,PITCHER,2013,0
downibr01,Brian,Downing,R,R,1197,2099,7853,1436,360,28,275,129,70,1188,1073,50,61,12,16,373,4881,51,1,NULL,NULL,NULL,NULL,2344,DH,1998,0
gibsoki01,Kirk,Gibson,L,L,718,1553,5798,984,260,54,255,61,56,985,870,284,78,22,21,41,2523,63,NULL,1,0,2,NULL,1635,LF,2001,0
gantro01,Ron,Gant,R,R,770,1651,6449,978,302,50,321,32,57,1080,1008,243,189,43,52,642,3203,114,2,0,0,NULL,2,1832,LF,2009,0
kendaja01,Jason,Kendall,R,R,721,2195,7627,1691,394,35,75,254,63,1030,744,189,49,11,12,990,13067,149,3,NULL,NULL,NULL,NULL,2085,CATCHER,2016,0
bakerdu01,Dusty,Baker,R,R,762,1981,7117,1396,320,23,242,30,85,964,1013,137,149,42,40,136,4073,59,2,0,1,1,2,2039,LF,1992,0
mesajo01,Jose,Mesa,R,R,1,0,2,0,0,0,0,0,0,1,0,0,0,0,27,197,112,17,1,0,0,NULL,2,1023,PITCHER,2013,0
wagnebi02,Billy,Wagner,L,L,1,2,20,2,0,0,0,0,0,1,1,0,0,0,14,86,33,5,5,0,0,NULL,NULL,854,PITCHER,2016,0
torrejo01,Joe,Torre,R,R,779,2342,7874,1687,344,59,252,85,50,996,1185,23,NULL,NULL,NULL,1731,11618,169,8,1,1,NULL,NULL,2209,CATCHER,1983,1
rojasco01,Cookie,Rojas,R,R,396,1660,6309,1327,254,25,54,20,59,713,593,74,13,4,5,3965,3466,134,4,0,0,NULL,NULL,1822,2B,1983,0
blakeca01,Casey,Blake,R,R,445,1186,4500,737,264,18,167,72,47,644,616,36,103,24,27,1753,1706,125,NULL,NULL,NULL,NULL,NULL,1265,3B,2017,0
winnra01,Randy,Winn,B,R,526,1759,6186,1223,367,59,110,53,55,863,662,215,NULL,NULL,NULL,78,3687,31,1,NULL,NULL,NULL,NULL,1717,CF,2016,0
burrepa01,Pat,Burrell,R,R,932,1393,5503,786,299,16,292,31,54,767,976,7,97,18,31,114,2478,59,NULL,NULL,NULL,2,NULL,1640,LF,2017,0
mcraeha01,Hal,McRae,R,R,648,2091,7218,1350,484,66,191,79,85,940,1097,109,143,42,48,84,887,41,3,0,0,1,3,2084,DH,1993,0
dobsopa01,Pat,Dobson,R,R,11,39,317,35,4,0,0,1,0,13,12,0,2,0,6,289,142,19,0,NULL,NULL,1,1,414,PITCHER,1983,0
olerujo01,John,Olerud,L,L,1275,2239,7592,1471,500,13,255,88,96,1139,1230,11,237,66,66,1418,16165,82,2,0,3,2,NULL,2234,1B,2011,0
fieldce01,Cecil,Fielder,R,R,693,1313,5157,787,200,7,319,43,46,744,1008,2,63,18,19,694,7382,70,3,0,0,1,NULL,1470,1B,2004,0
huffau01,Aubrey,Huff,L,R,571,1699,6104,1073,360,24,242,48,63,806,904,37,65,16,25,921,5159,85,NULL,0,0,2,NULL,1681,1B,2018,0
matthga01,Gary,Matthews,R,R,940,2011,7147,1407,319,51,234,21,62,1083,978,183,65,21,19,135,3226,112,1,0,0,NULL,1,2033,LF,1993,0
lowenjo01,John,Lowenstein,L,R,446,881,3476,610,137,18,116,9,30,510,441,128,38,10,17,376,1803,43,NULL,NULL,NULL,1,1,1368,LF,1991,0
handsbi01,Bill,Hands,R,R,39,37,472,31,6,0,0,1,2,19,19,0,NULL,NULL,NULL,297,140,24,NULL,NULL,NULL,NULL,NULL,374,PITCHER,1981,0
freehbi01,Bill,Freehan,R,R,626,1591,6073,1115,241,35,200,114,48,706,758,24,36,5,10,813,11235,81,8,0,5,1,NULL,1774,CATCHER,1982,0
saxst01,Steve,Sax,R,R,556,1949,6940,1570,278,47,54,24,37,913,550,444,87,24,26,4817,3617,190,5,0,0,2,NULL,1769,2B,2000,0
bellbu01,Buddy,Bell,R,R,836,2514,8995,1832,425,56,201,38,80,1151,1106,55,NULL,NULL,NULL,5009,2196,262,5,0,6,NULL,NULL,2405,3B,1995,0
dunstsh01,Shawon,Dunston,R,R,203,1597,5927,1093,292,62,150,41,49,736,668,212,51,14,27,3808,2722,215,1,0,0,NULL,1,1814,SS,2008,0
kennete02,Terry,Kennedy,L,R,365,1313,4979,944,244,12,113,16,39,474,628,6,65,13,19,638,6754,108,3,0,0,NULL,2,1491,CATCHER,1997,0
leonaje01,Jeffrey,Leonard,R,R,342,1342,5045,938,223,37,144,23,58,614,723,163,27,10,10,81,2191,62,2,0,0,NULL,1,1415,LF,1996,0
gwynnto01,Tony,Gwynn,L,L,790,3141,9288,2378,543,85,135,24,85,1383,1138,319,108,33,27,160,4512,62,13,0,5,NULL,2,2440,RF,2007,1
mcgrifr01,Fred,McGriff,L,L,1305,2490,8757,1532,441,24,493,39,71,1349,1550,72,188,57,50,1447,18985,167,5,0,0,1,1,2460,1B,2010,0
kneppbo01,Bob,Knepper,L,L,41,115,840,79,28,2,6,2,9,47,59,2,6,0,3,451,103,30,2,NULL,NULL,NULL,1,449,PITCHER,1996,0
ceyro01,Ron,Cey,R,R,1012,1868,7162,1203,328,21,316,62,82,977,1139,24,161,42,45,4019,1555,224,6,0,0,1,3,2073,3B,1993,0
guillca01,Carlos,Guillen,B,R,510,1331,4673,890,266,51,124,22,44,733,660,74,61,21,19,2888,1972,165,2,NULL,NULL,NULL,1,1305,SS,2017,0
richajr01,J. R.,Richard,R,R,4,93,552,70,10,3,10,2,3,39,50,2,NULL,NULL,NULL,195,113,20,1,NULL,NULL,NULL,NULL,239,PITCHER,1986,0
menkede01,Denis,Menke,R,R,698,1270,5071,904,225,40,101,46,65,605,606,34,49,8,15,3688,3108,218,2,NULL,NULL,NULL,1,1598,SS,1980,0
barrji01,Jim,Barr,R,R,15,83,513,65,15,2,1,4,1,28,31,2,1,0,1,388,148,26,NULL,NULL,NULL,NULL,NULL,481,PITCHER,1989,0
dierkla01,Larry,Dierker,R,R,12,107,789,89,14,0,4,1,4,38,46,0,NULL,NULL,NULL,287,152,23,1,NULL,NULL,NULL,NULL,357,PITCHER,1983,0
alouma01,Matty,Alou,L,L,311,1777,5789,1460,236,50,31,36,29,780,427,156,69,16,21,176,3794,71,2,0,0,1,1,1667,CF,1980,0
sanguma01,Manny,Sanguillen,R,R,223,1500,5062,1173,205,57,65,23,44,566,585,35,103,29,29,575,6646,105,1,0,0,2,NULL,1448,CATCHER,1986,0
castilu01,Luis,Castillo,B,R,800,1889,6510,1608,194,59,28,12,26,1001,443,370,82,18,20,4484,3287,124,3,0,3,2,NULL,1720,2B,2016,0
santajo01,Johan,Santana,L,L,9,40,248,26,12,1,1,0,0,11,9,0,0,0,11,232,98,19,3,0,1,NULL,NULL,360,PITCHER,2018,0
piazzmi01,Mike,Piazza,R,R,759,2127,6911,1348,344,8,427,30,45,1048,1335,17,120,29,32,768,11347,132,11,0,0,NULL,1,1912,CATCHER,2013,1
perezto01,Tony,Perez,R,R,925,2732,9778,1769,505,79,379,43,106,1272,1652,49,172,41,47,2440,15127,240,7,0,0,2,3,2777,1B,1992,1
larusto01,Tony,LaRussa,R,R,23,35,176,28,5,2,0,1,2,15,7,0,NULL,NULL,NULL,127,112,10,NULL,NULL,NULL,NULL,NULL,132,2B,2014,1
brettge01,George,Brett,L,R,1096,3154,10349,2035,665,137,317,33,120,1583,1596,201,166,56,43,3984,5503,292,10,1,1,1,1,2707,3B,1999,1
stearjo01,John,Stearns,R,R,323,696,2681,488,152,10,46,25,30,334,312,91,NULL,NULL,NULL,520,4059,75,3,NULL,NULL,NULL,NULL,810,CATCHER,1990,0
decindo01,Doug,DeCinces,R,R,618,1505,5809,927,312,29,237,21,64,778,879,58,89,24,23,3344,1483,206,1,0,0,NULL,2,1649,3B,1993,0
riceji01,Jim,Rice,R,R,670,2452,8225,1618,373,79,382,64,94,1249,1451,58,71,16,18,137,3103,66,7,1,0,NULL,2,2089,LF,1995,1
singlke01,Ken,Singleton,B,R,1263,2029,7189,1441,317,25,246,17,60,985,1065,21,57,19,17,82,2684,57,3,0,0,1,1,2082,RF,1990,0
mondera01,Raul,Mondesi,R,R,475,1589,5814,950,319,49,271,41,37,909,860,229,32,7,10,112,2932,76,1,0,2,NULL,1,1525,RF,2011,0
stottme01,Mel,Stottlemyre,R,R,47,120,749,93,14,6,7,4,4,54,57,0,8,1,3,570,242,26,4,0,0,NULL,1,366,PITCHER,1980,0
saberbr01,Bret,Saberhagen,R,R,13,23,190,19,4,0,0,0,0,13,1,0,8,0,10,415,203,24,2,0,1,1,NULL,403,PITCHER,2007,0
strawda01,Darryl,Strawberry,L,L,816,1401,5418,772,256,38,335,38,53,898,1000,221,126,32,40,76,2515,62,6,0,0,4,NULL,1583,RF,2005,0
nolanga01,Gary,Nolan,R,R,38,73,529,59,9,4,1,0,1,36,32,0,14,1,11,189,95,3,0,0,0,2,2,252,PITCHER,1983,0
palmeji01,Jim,Palmer,R,R,16,85,489,72,9,1,3,0,1,52,41,1,35,3,20,577,292,34,5,0,4,3,3,576,PITCHER,1990,1
bucknbi01,Bill,Buckner,L,L,450,2715,9397,1994,498,49,174,42,97,1077,1208,183,98,20,23,1379,15126,146,1,NULL,NULL,NULL,2,2517,1B,1996,0
davisma01,Mark,Davis,L,L,8,26,167,18,3,4,1,0,0,16,9,1,NULL,NULL,NULL,151,29,16,2,0,0,1,2,625,PITCHER,2003,0
pinielo01,Lou,Piniella,R,R,368,1705,5867,1257,305,41,102,31,61,651,766,32,141,43,44,106,2546,52,1,0,0,2,2,1747,LF,1990,0
niekrph01,Phil,Niekro,R,R,17,260,1537,210,42,1,7,12,12,80,109,0,3,0,2,878,386,37,2,0,5,NULL,NULL,866,PITCHER,1993,1
coneda01,David,Cone,L,R,16,64,412,55,9,0,0,3,1,28,22,0,16,3,21,271,220,28,5,0,0,5,NULL,451,PITCHER,2009,0
wilsowi02,Willie,Wilson,B,R,425,2207,7731,1738,281,147,41,62,35,1169,585,668,150,40,38,76,5060,67,2,0,1,1,1,2154,CF,2000,0
northji01,Jim,Northrup,L,R,449,1254,4692,841,218,42,153,30,29,603,610,39,42,12,12,73,2715,55,NULL,NULL,NULL,1,NULL,1392,RF,1981,0
geronce01,Cesar,Geronimo,L,L,354,977,3780,715,161,50,51,31,25,460,392,82,120,20,36,81,2901,35,NULL,0,4,2,1,1522,CF,1989,0
mattido01,Don,Mattingly,L,L,588,2153,7003,1469,442,20,222,21,96,1007,1099,14,24,10,5,1121,14270,68,6,1,9,NULL,NULL,1785,1B,2001,0
fiskca01,Carlton,Fisk,R,R,849,2356,8756,1512,421,47,376,143,79,1276,1330,128,54,14,14,1075,11612,165,10,0,1,NULL,1,2499,CATCHER,1999,1
fernaal01,Alex,Fernandez,R,R,9,22,126,11,8,0,3,0,1,7,14,0,3,0,4,297,125,15,NULL,NULL,NULL,1,NULL,266,PITCHER,2006,0
rivermi01,Mickey,Rivers,L,L,266,1660,5629,1281,247,71,61,22,35,785,499,267,120,37,29,95,3150,61,1,0,0,2,1,1468,CF,1990,0
hebneri01,Richie,Hebner,L,R,687,1694,6144,1161,273,57,203,74,67,865,890,38,100,27,30,2564,4308,207,NULL,NULL,NULL,1,NULL,1908,3B,1991,0
walkela01,Larry,Walker,L,R,913,2160,6907,1244,471,62,383,138,65,1355,1311,230,100,23,28,213,3976,57,5,1,7,NULL,1,1988,RF,2011,0
wiseri01,Rick,Wise,R,R,27,130,668,89,21,5,15,3,3,60,66,0,2,0,3,504,206,13,1,NULL,NULL,NULL,1,511,PITCHER,1988,0
plesada01,Dan,Plesac,L,L,0,1,15,1,0,0,0,0,0,0,0,0,0,0,1,100,9,3,3,NULL,NULL,NULL,NULL,1064,PITCHER,2009,0
rodriiv01,Ivan,Rodriguez,R,R,513,2844,9592,1910,572,51,311,58,76,1354,1332,127,153,39,40,1233,14922,143,14,1,13,1,1,2543,CATCHER,2017,1
aloumo01,Moises,Alou,R,R,737,2134,7037,1342,421,39,332,48,82,1109,1287,106,134,37,34,95,3114,65,6,0,0,1,NULL,1942,LF,2014,0
baergca01,Carlos,Baerga,B,R,291,1583,5439,1153,279,17,134,73,66,731,774,59,65,19,15,3501,2634,169,3,0,0,NULL,1,1630,2B,2011,0
hernawi01,Willie,Hernandez,L,L,1,13,63,11,2,0,0,0,0,4,3,2,0,0,10,169,58,4,2,1,0,1,1,747,PITCHER,1995,0
grichbo01,Bobby,Grich,R,R,1087,1833,6890,1242,320,47,224,86,50,1033,864,104,88,16,24,5891,4882,189,6,0,4,1,1,2008,2B,1992,0
delgaca01,Carlos,Delgado,L,R,1109,2038,7283,1064,483,18,473,172,93,1241,1512,14,37,13,10,1067,15236,131,2,0,0,1,NULL,2035,1B,2015,0
timlimi01,Mike,Timlin,R,R,0,0,7,0,0,0,0,0,0,0,0,0,0,0,46,188,101,14,NULL,0,0,4,NULL,1059,PITCHER,2014,0
cabreor01,Orlando,Cabrera,R,R,514,2055,7562,1441,459,32,123,32,90,985,854,216,149,34,37,5445,3023,198,NULL,0,2,1,NULL,1985,SS,2017,0
brownga01,Gates,Brown,L,R,242,582,2262,401,78,19,84,15,21,330,322,30,3,0,4,23,693,17,NULL,NULL,NULL,1,NULL,1051,LF,1981,0
perryga01,Gaylord,Perry,R,R,22,141,1076,118,17,0,6,6,3,48,47,0,4,1,2,877,349,38,5,0,0,NULL,1,787,PITCHER,1989,1
matsuhi01,Hideki,Matsui,L,R,547,1253,4442,817,249,12,175,21,46,656,760,13,205,64,56,41,1326,24,2,0,0,1,1,1236,LF,2018,0
brocklo01,Lou,Brock,L,L,761,3023,10332,2247,486,141,149,49,46,1610,900,938,87,34,21,142,4394,196,5,0,0,2,1,2616,LF,1985,1
brosisc01,Scott,Brosius,R,R,348,1001,3889,652,200,8,141,47,41,544,531,57,196,48,58,1821,1219,119,1,0,1,3,1,1146,3B,2007,0
rogerke01,Kenny,Rogers,L,L,4,9,66,7,1,1,0,0,0,5,4,1,4,1,12,743,258,44,3,0,5,1,1,763,PITCHER,2014,0
randowi01,Willie,Randolph,R,R,1243,2210,8018,1775,316,65,54,38,64,1239,687,271,162,36,47,6339,4859,237,5,0,0,2,3,2202,2B,1998,0
reussje01,Jerry,Reuss,L,L,69,171,1024,145,24,1,1,1,2,71,58,1,19,0,11,603,170,42,2,NULL,NULL,1,NULL,631,PITCHER,1996,0
downial01,Al,Downing,R,L,37,91,717,74,12,3,2,0,2,36,51,0,5,0,6,368,72,18,1,NULL,NULL,2,4,409,PITCHER,1983,0
hennemi01,Mike,Henneman,R,R,0,0,1,0,0,0,0,0,0,0,0,0,0,0,6,83,55,9,0,NULL,NULL,NULL,NULL,561,PITCHER,2002,0
honeyri01,Rick,Honeycutt,L,L,18,24,182,21,3,0,0,0,0,13,9,1,1,0,30,428,99,32,1,NULL,NULL,1,2,801,PITCHER,2003,0
disarga01,Gary,Disarcina,R,R,154,966,3744,732,186,20,28,36,21,444,355,47,NULL,NULL,NULL,3197,1648,131,1,NULL,NULL,NULL,NULL,1086,SS,2006,0
boonebr01,Bret,Boone,R,R,552,1775,6683,1129,366,28,252,69,73,927,1021,94,118,34,31,4594,3445,117,2,0,4,NULL,1,1780,2B,2011,0
boonebo01,Bob,Boone,R,R,663,1838,7245,1404,303,26,105,20,78,679,826,38,106,33,36,1185,11325,183,4,0,7,1,NULL,2264,CATCHER,1996,0
whitede03,Devon,White,B,R,541,1934,7344,1277,378,71,208,87,47,1125,846,346,189,56,49,97,4739,71,3,0,7,3,NULL,1941,CF,2007,0
garneph01,Phil,Garner,R,R,564,1594,6136,1104,299,82,109,34,59,780,738,225,68,21,21,4356,2746,259,3,NULL,NULL,3,NULL,1860,2B,1994,0
stottto01,Todd,Stottlemyre,L,R,28,50,242,41,7,1,1,0,0,23,11,1,7,0,15,261,166,18,NULL,0,0,2,NULL,373,PITCHER,2008,0
isrinja01,Jason,Isringhausen,R,R,5,21,104,14,4,1,2,1,2,11,16,0,0,0,23,144,62,17,1,NULL,NULL,1,1,724,PITCHER,2018,0
robinbi02,Bill,Robinson,R,R,263,1127,4364,703,229,29,166,16,49,536,641,71,24,5,12,267,3336,73,NULL,NULL,NULL,1,1,1472,LF,1989,0
garvest01,Steve,Garvey,R,R,479,2599,8835,1844,440,43,272,29,90,1143,1308,83,222,75,55,1434,19004,130,10,1,4,1,4,2332,1B,1993,0
maddoga01,Garry,Maddox,R,R,323,1802,6331,1286,337,62,117,36,60,777,754,248,107,29,29,94,4449,78,NULL,0,8,1,1,1749,CF,1992,0
parkeda01,Dave,Parker,L,R,683,2712,9358,1772,526,75,339,56,86,1272,1493,154,111,26,30,152,3949,144,6,1,3,2,1,2466,RF,1997,0
lansfca01,Carney,Lansford,R,R,553,2074,7158,1551,332,40,151,64,77,1007,874,224,128,39,33,2847,2098,153,1,0,0,1,2,1862,3B,1998,0
wittbo01,Bobby,Witt,R,R,2,9,64,5,3,0,1,0,1,2,5,0,0,0,4,294,148,30,NULL,NULL,NULL,1,NULL,438,PITCHER,2007,0
violafr01,Frank,Viola,L,L,3,26,185,23,3,0,0,0,0,8,6,0,1,0,5,371,84,32,3,0,0,1,NULL,421,PITCHER,2002,0
gonzaju03,Juan,Gonzalez,R,R,457,1936,6556,1089,388,25,434,62,78,1061,1404,26,62,18,15,91,2595,46,3,2,0,NULL,NULL,1689,RF,2011,0
lidgebr01,Brad,Lidge,R,R,0,2,7,1,1,0,0,0,0,0,2,0,0,0,39,48,23,5,2,0,0,1,2,603,PITCHER,2018,0
salmoti01,Tim,Salmon,R,R,970,1674,5934,1012,339,24,299,67,68,986,1016,48,59,17,16,99,2695,64,NULL,0,0,1,NULL,1672,RF,2012,0
steinte01,Terry,Steinbach,R,R,418,1453,5369,997,273,21,162,48,46,638,745,23,89,25,25,651,7849,100,3,0,0,1,2,1546,CATCHER,2005,0
oroscje01,Jesse,Orosco,R,L,8,10,59,10,0,0,0,0,2,3,4,0,1,1,24,188,62,4,1,NULL,NULL,2,1,1252,PITCHER,2009,0
sandesc02,Scott,Sanders,R,R,5,25,129,19,6,0,0,0,0,4,8,1,1,0,1,57,49,7,NULL,NULL,NULL,NULL,1,236,PITCHER,2002,0
stanlmi01,Mickey,Stanley,R,R,371,1243,5022,877,201,48,117,8,34,641,500,44,34,8,11,327,3688,46,NULL,0,4,1,NULL,1517,CF,1984,0
dauerri01,Rich,Dauer,R,R,297,984,3829,745,193,3,43,14,34,448,372,6,61,11,19,2823,2115,75,NULL,NULL,NULL,1,1,1140,2B,1991,0
worreto01,Todd,Worrell,R,R,1,2,27,1,0,1,0,0,0,1,0,0,2,0,15,82,30,4,2,0,0,NULL,2,617,PITCHER,2003,0
johnsho01,Howard,Johnson,B,R,692,1229,4940,732,247,22,228,17,57,760,760,231,26,1,11,2147,1276,217,2,0,0,2,NULL,1531,3B,2001,0
smoltjo01,John,Smoltz,R,R,79,151,948,118,26,2,5,3,1,77,61,3,56,12,42,433,320,28,6,0,0,1,4,735,PITCHER,2015,1
wynnji01,Jim,Wynn,R,R,1224,1665,6653,1050,285,39,291,27,74,1105,964,225,26,5,9,167,3937,84,3,0,0,1,1,1920,CF,1983,0
harpeto01,Tommy,Harper,R,R,753,1609,6269,1171,256,36,146,35,31,972,567,408,0,0,1,787,2823,100,1,NULL,NULL,NULL,NULL,1810,LF,1982,0
candejo01,John,Candelaria,L,L,44,104,596,80,20,3,1,2,3,39,48,0,9,1,6,339,58,11,0,NULL,NULL,1,NULL,603,PITCHER,1999,0
appieke01,Kevin,Appier,R,R,1,8,83,8,0,0,0,1,0,4,4,0,0,0,7,225,202,12,1,NULL,NULL,1,NULL,414,PITCHER,2010,0
simmote01,Ted,Simmons,B,R,855,2472,8680,1694,483,47,248,39,100,1074,1389,21,59,11,17,1092,10544,169,5,0,0,NULL,2,2456,CATCHER,1994,0
raineti01,Tim,Raines,B,R,1330,2605,8872,1892,430,113,170,42,76,1571,980,808,126,34,34,273,4284,61,7,0,0,2,NULL,2502,LF,2008,1
gagliph01,Phil,Gagliano,R,R,163,336,1411,265,50,7,14,4,15,150,159,5,7,0,7,570,697,40,NULL,NULL,NULL,2,1,702,2B,1980,0
nomohi01,Hideo,Nomo,R,R,13,65,485,46,14,1,4,0,1,22,26,0,3,0,2,180,115,13,1,0,0,NULL,NULL,324,PITCHER,2014,0
bibbyji01,Jim,Bibby,R,R,13,31,209,20,6,0,5,3,1,15,17,0,4,0,3,216,88,20,1,0,0,1,NULL,341,PITCHER,1990,0
motama01,Manny,Mota,R,R,289,1149,3779,941,125,52,31,28,36,496,438,50,8,3,10,83,1481,35,1,NULL,NULL,NULL,4,1536,LF,1988,0
samueju01,Juan,Samuel,R,R,440,1578,6081,1028,287,102,161,74,42,873,703,396,1,0,4,3288,3572,188,2,0,0,NULL,1,1720,2B,2004,0
vealebo01,Bob,Veale,B,L,18,72,630,64,7,1,0,0,0,26,18,0,0,0,1,270,37,21,0,NULL,NULL,1,NULL,399,PITCHER,1980,0
hundlra01,Randy,Hundley,R,R,271,813,3442,600,118,13,82,13,27,311,381,12,NULL,NULL,NULL,493,5765,61,1,0,1,NULL,NULL,1061,CATCHER,1983,0
eckstda01,David,Eckstein,R,R,376,1414,5041,1127,232,20,35,143,39,701,392,123,176,49,44,3390,1905,98,2,0,0,2,NULL,1311,SS,2016,0
speiech01,Chris,Speier,R,R,847,1759,7156,1295,302,50,112,35,44,770,720,42,50,14,17,6259,3314,288,2,0,0,NULL,1,2260,SS,1995,0
smithlo01,Lonnie,Smith,R,R,623,1488,5170,1059,273,58,98,92,46,909,533,370,205,57,63,101,2388,92,1,0,0,3,3,1613,LF,2000,0
stonest01,Steve,Stone,R,R,11,22,219,20,2,0,0,1,0,9,7,0,0,0,1,254,125,22,1,0,0,NULL,1,340,PITCHER,1987,0
welchbo01,Bob,Welch,R,R,22,88,582,78,7,1,2,3,2,26,30,0,6,0,17,394,243,26,2,0,0,2,3,520,PITCHER,2000,0
blassst01,Steve,Blass,R,R,11,94,546,83,7,3,1,0,3,42,37,0,14,0,6,251,137,16,1,NULL,NULL,1,NULL,295,PITCHER,1980,0
munsoth01,Thurman,Munson,R,R,438,1558,5344,1184,229,32,113,42,58,696,701,48,129,46,30,742,6342,130,6,1,3,2,1,1423,CATCHER,1981,0
forscke01,Ken,Forsch,R,R,16,52,383,46,6,0,0,0,0,16,17,1,2,2,2,305,134,26,2,NULL,NULL,NULL,NULL,521,PITCHER,1992,0
brookhu01,Hubie,Brooks,R,R,387,1608,5974,1138,290,31,149,38,65,656,824,64,NULL,NULL,NULL,2031,1935,196,2,0,0,NULL,NULL,1645,RF,2000,0
burksel01,Ellis,Burks,R,R,793,2107,7232,1290,402,63,352,60,62,1253,1206,181,93,26,25,81,3435,60,1,0,1,1,NULL,2000,CF,2010,0
krukjo01,John,Kruk,L,L,649,1170,3897,837,199,34,100,2,43,582,592,58,47,14,12,401,6022,42,2,NULL,NULL,NULL,1,1200,1B,2001,0
whitefr01,Frank,White,R,R,412,2006,7859,1381,407,58,160,30,65,912,886,178,150,32,42,6629,4944,206,5,0,8,1,1,2324,2B,1996,0
jacksmi02,Michael,Jackson,R,R,1,5,28,3,2,0,0,0,0,3,1,0,3,1,31,166,57,9,NULL,NULL,NULL,NULL,1,1005,PITCHER,2010,0
briggjo02,John,Briggs,L,L,663,1041,4117,689,170,43,139,5,30,601,507,64,NULL,NULL,NULL,184,3389,73,NULL,NULL,NULL,NULL,NULL,1366,LF,1981,0
quiseda01,Dan,Quisenberry,R,R,1,1,6,1,0,0,0,0,0,0,1,0,0,0,18,264,97,13,2,0,0,1,1,674,PITCHER,1996,0
mcgratu01,Tug,McGraw,R,L,10,39,214,31,7,0,1,1,1,14,18,0,5,1,26,219,75,23,1,0,0,2,2,826,PITCHER,1990,0
hentgpa01,Pat,Hentgen,R,R,4,9,84,9,0,0,0,0,0,4,0,0,4,1,3,237,131,14,2,0,0,2,NULL,344,PITCHER,2010,0
kraneed01,Ed,Kranepool,L,L,454,1418,5436,1050,225,25,118,14,58,536,614,15,21,5,9,789,10840,81,0,NULL,NULL,1,1,1853,1B,1985,0
lemonch01,Chet,Lemon,R,R,749,1875,6868,1203,396,61,215,151,54,973,884,58,48,10,13,122,4998,82,3,NULL,NULL,1,NULL,1988,CF,1996,0
blylebe01,Bert,Blyleven,R,R,5,59,451,52,7,0,0,2,0,19,25,0,7,1,8,662,287,30,2,NULL,NULL,2,NULL,699,PITCHER,1998,1
guidrro01,Ron,Guidry,L,L,0,0,0,0,0,0,0,0,0,4,0,0,7,0,11,307,107,8,2,0,5,2,2,380,PITCHER,1994,0
langsma01,Mark,Langston,R,L,2,14,92,11,3,0,0,0,1,5,5,0,0,0,4,493,127,39,3,0,7,NULL,1,459,PITCHER,2005,0
benchjo01,Johnny,Bench,R,R,891,2048,7658,1254,381,24,389,19,90,1091,1376,68,169,45,45,1191,10469,151,12,2,10,2,2,2158,CATCHER,1989,1
ramirma02,Manny,Ramirez,R,R,1329,2574,8244,1452,547,20,555,109,90,1544,1831,38,410,117,111,129,3206,75,9,0,0,2,2,2302,LF,2017,0
schaapa01,Paul,Schaal,R,R,516,869,3555,654,132,26,57,22,30,436,323,43,NULL,NULL,NULL,2112,775,173,NULL,NULL,NULL,NULL,NULL,1128,3B,1980,0
grissma02,Marquis,Grissom,R,R,553,2251,8275,1582,386,56,227,31,62,1187,967,429,218,69,52,98,4880,61,2,0,4,1,2,2165,CF,2011,0
millwke01,Kevin,Millwood,R,R,21,57,472,38,15,0,4,0,0,22,27,0,11,1,9,284,145,13,1,NULL,NULL,NULL,1,451,PITCHER,2018,0
spencji01,Jim,Spencer,L,L,407,1227,4908,875,179,27,146,17,42,541,599,11,20,3,8,798,9920,55,1,0,2,1,1,1553,1B,1988,0
stiebda01,Dave,Stieb,R,R,0,0,2,0,0,0,0,0,0,2,0,0,0,0,5,493,272,22,7,0,0,1,NULL,454,PITCHER,2004,0
coxbo01,Bobby,Cox,R,R,75,141,628,108,22,2,9,6,7,50,58,3,NULL,NULL,NULL,424,148,28,NULL,NULL,NULL,NULL,NULL,220,3B,2014,1
guilloz01,Ozzie,Guillen,L,R,239,1764,6686,1392,275,69,28,7,60,773,619,169,44,12,18,5375,2935,222,2,0,1,NULL,1,1993,SS,2006,0
dyeje01,Jermaine,Dye,R,R,597,1779,6487,1066,363,25,325,63,65,984,1072,46,163,44,44,97,3273,65,2,0,1,1,1,1763,RF,2015,0
bellge02,George,Bell,R,R,331,1702,6123,1095,308,34,265,49,83,814,1002,67,48,13,12,84,2294,88,3,1,0,NULL,NULL,1587,LF,1999,0
loftoke01,Kenny,Lofton,L,L,945,2428,8120,1799,383,116,130,32,65,1528,781,622,392,97,95,142,4856,79,5,0,4,NULL,2,2103,CF,2013,0
dempsri01,Rick,Dempsey,R,R,592,1093,4692,762,223,12,96,18,42,525,471,20,66,20,25,771,7402,100,NULL,0,0,2,2,1766,CATCHER,1998,0
splitpa01,Paul,Splittorff,L,L,7,22,121,20,1,1,0,1,0,12,4,0,0,0,7,450,125,15,NULL,NULL,NULL,NULL,1,430,PITCHER,1990,0
guerrvl01,Vladimir,Guerrero,R,R,737,2590,8155,1618,477,46,449,103,64,1328,1496,181,171,45,44,126,3169,125,9,1,0,NULL,1,2147,RF,2017,1
reichri01,Rick,Reichardt,R,R,263,864,3307,615,109,24,116,66,24,391,445,40,NULL,NULL,NULL,55,1621,30,NULL,NULL,NULL,NULL,NULL,997,LF,1980,0
tolanbo01,Bobby,Tolan,L,L,258,1121,4238,828,173,34,86,65,39,572,497,193,83,21,27,101,2915,58,NULL,0,0,1,3,1282,CF,1985,0
jorgemi01,Mike,Jorgensen,L,L,532,833,3421,593,132,13,95,25,25,429,426,58,5,0,4,546,6983,54,NULL,0,1,NULL,1,1633,1B,1991,0
montgje01,Jeff,Montgomery,R,R,0,0,2,0,0,0,0,0,0,0,0,0,NULL,NULL,NULL,103,86,6,2,0,0,NULL,NULL,700,PITCHER,2005,0
santoro01,Ron,Santo,R,R,1108,2254,8143,1480,365,67,342,38,94,1138,1331,35,NULL,NULL,NULL,4717,2100,327,8,0,5,NULL,NULL,2243,3B,1980,1
whitalo01,Lou,Whitaker,L,R,1197,2369,8570,1640,420,65,244,20,91,1386,1084,143,49,10,13,6653,4771,189,4,0,3,1,NULL,2390,2B,2001,0
russebi01,Bill,Russell,R,R,483,1926,7318,1530,293,57,46,36,51,796,627,167,194,57,49,5713,3104,355,3,0,0,1,3,2181,SS,1992,0
daviser01,Eric,Davis,R,R,740,1430,5321,883,239,26,282,33,50,938,934,349,73,14,25,60,3104,50,2,0,3,1,NULL,1626,CF,2007,0
radkebr01,Brad,Radke,R,R,0,3,29,3,0,0,0,0,0,0,0,0,0,0,6,314,213,7,1,NULL,NULL,NULL,NULL,378,PITCHER,2012,0
summech01,Champ,Summers,L,R,188,350,1371,229,63,4,54,19,12,199,218,15,3,0,3,23,508,15,NULL,NULL,NULL,1,1,698,RF,1990,0
stewaji01,Jimmy,Stewart,B,R,139,336,1420,269,45,14,8,8,13,164,112,38,4,0,3,541,628,34,NULL,NULL,NULL,NULL,1,777,LF,1979,0
jonesch06,Chipper,Jones,B,R,1512,2726,8984,1671,549,38,468,18,97,1619,1623,150,338,97,93,3581,1771,243,7,1,0,1,2,2499,3B,2018,1
grudzma01,Mark,Grudzielanek,R,R,364,2040,7052,1523,391,36,90,105,42,946,640,133,85,16,21,4975,2945,185,1,0,1,NULL,NULL,1802,2B,2016,0
barbest01,Steve,Barber,L,L,38,65,563,53,5,2,5,2,1,24,27,0,NULL,NULL,NULL,372,106,38,0,NULL,NULL,1,NULL,466,PITCHER,1980,0
henketo01,Tom,Henke,R,R,0,0,1,0,0,0,0,0,0,0,0,0,0,0,15,67,43,2,2,0,0,1,NULL,642,PITCHER,2001,0
alexado01,Doyle,Alexander,R,R,9,44,265,36,8,0,0,1,2,19,17,0,0,0,6,521,264,32,0,NULL,NULL,NULL,1,562,PITCHER,1995,0
martiti02,Tino,Martinez,L,R,780,1925,7111,1200,365,21,339,59,80,1009,1271,27,356,83,99,1159,15001,80,2,0,0,4,1,2023,1B,2011,0
tartada01,Danny,Tartabull,R,R,768,1366,5011,793,289,22,262,17,44,756,925,37,NULL,NULL,NULL,214,1659,63,1,NULL,NULL,NULL,NULL,1406,RF,2003,0
torremi01,Mike,Torrez,R,R,10,64,412,55,8,1,0,2,0,24,15,1,6,0,4,472,223,41,NULL,NULL,NULL,2,1,499,PITCHER,1990,0
lankfra01,Ray,Lankford,L,L,828,1561,5747,913,356,54,238,36,53,968,874,258,37,7,14,72,3530,63,1,NULL,NULL,NULL,1,1701,CF,2010,0
leiteal01,Al,Leiter,L,L,35,45,530,37,7,1,0,0,0,15,16,0,17,1,21,286,57,14,2,0,0,3,1,419,PITCHER,2011,0
ripkeca01,Cal,Ripken,R,R,1129,3184,11551,2106,603,44,431,66,127,1647,1695,36,110,37,28,8214,4112,294,18,2,2,1,NULL,3001,SS,2007,1
cannich01,Chris,Cannizzaro,R,R,241,458,1950,362,66,12,18,7,14,132,169,3,NULL,NULL,NULL,333,3162,62,0,NULL,NULL,NULL,NULL,740,CATCHER,1980,0
thomago01,Gorman,Thomas,R,R,697,1051,4677,558,212,13,268,18,53,681,782,50,59,6,17,56,2954,51,1,0,0,NULL,1,1436,CF,1992,0
rijojo01,Jose,Rijo,R,R,8,85,445,70,13,0,2,0,0,25,29,2,8,1,4,248,144,14,0,0,0,1,NULL,377,PITCHER,2001,0
lylesp01,Sparky,Lyle,L,L,5,15,78,13,2,0,0,0,0,8,4,1,2,0,13,198,54,21,2,0,0,3,2,899,PITCHER,1988,0
edmonji01,Jim,Edmonds,L,L,998,1949,6858,1094,437,25,393,49,65,1251,1199,67,230,63,64,160,4930,58,4,0,8,1,1,2011,CF,2016,0
bellja01,Jay,Bell,R,R,853,1963,7398,1307,394,67,195,57,58,1123,860,91,107,28,30,5609,3202,220,2,0,1,1,NULL,2063,SS,2009,0
watsobo01,Bob,Watson,R,R,653,1826,6185,1294,307,41,184,48,65,802,989,27,62,23,17,679,9848,110,2,NULL,NULL,NULL,1,1832,1B,1990,0
belanma01,Mark,Belanger,R,R,576,1316,5784,1088,175,33,20,42,45,676,389,167,126,23,43,5831,3040,211,1,0,8,2,3,2016,SS,1988,0
beckro01,Rod,Beck,R,R,0,4,19,4,0,0,0,0,0,0,1,0,0,0,6,96,39,4,2,0,0,NULL,NULL,704,PITCHER,2008,0
mondari01,Rick,Monday,L,L,924,1619,6136,1066,248,64,241,24,32,950,775,98,81,17,30,118,3978,81,2,NULL,NULL,1,2,1986,CF,1990,0
righeda01,Dave,Righetti,L,L,0,2,11,2,0,0,0,0,0,0,1,0,1,0,4,150,35,12,2,0,0,NULL,1,718,PITCHER,2001,0
maxvida01,Dal,Maxvill,R,R,370,748,3443,639,79,24,6,8,23,302,252,7,70,8,29,3684,1974,153,NULL,0,1,5,1,1423,SS,1981,0
fingero01,Rollie,Fingers,R,R,3,31,180,26,3,0,2,0,0,10,9,0,7,1,30,253,108,14,5,1,0,3,1,945,PITCHER,1991,1
erstada01,Darin,Erstad,L,L,475,1697,6024,1224,316,33,124,37,43,913,699,179,118,40,29,370,6963,33,2,0,3,1,NULL,1654,1B,2015,0
hoffmtr01,Trevor,Hoffman,R,R,0,4,34,2,2,0,0,0,0,1,5,0,0,0,12,83,66,4,7,0,0,NULL,1,1035,PITCHER,2016,1
fernasi01,Sid,Fernandez,L,L,16,98,539,80,15,2,1,2,5,28,34,1,2,0,5,160,25,6,2,NULL,NULL,1,NULL,308,PITCHER,2003,0
chambch01,Chris,Chambliss,L,R,632,2109,7571,1490,392,42,185,27,56,912,972,40,114,32,30,1351,17771,130,1,0,1,2,1,2175,1B,1994,0
kingmda01,Dave,Kingman,R,R,608,1575,6677,868,240,25,442,53,75,901,1210,85,9,1,4,693,5835,174,2,0,0,1,NULL,1941,1B,1992,0
muellbi02,Bill,Mueller,B,R,543,1229,4223,857,265,22,85,35,48,663,493,20,145,34,36,2086,817,126,NULL,0,0,1,1,1216,3B,2012,0
ordonma01,Magglio,Ordonez,R,R,651,2156,6978,1415,426,21,294,45,65,1076,1236,94,75,17,21,108,3208,44,6,0,0,NULL,1,1848,RF,2017,0
hamptmi01,Mike,Hampton,R,L,47,178,725,135,22,5,16,5,5,97,79,3,20,5,11,476,144,27,2,0,1,NULL,1,448,PITCHER,2016,0
bicheda01,Dante,Bichette,R,R,355,1906,6381,1204,401,27,274,41,73,934,1141,152,17,10,4,128,2829,80,4,0,0,NULL,NULL,1704,RF,2007,0
coopece01,Cecil,Cooper,L,L,448,2192,7349,1489,415,47,241,17,79,1012,1125,89,95,20,25,1000,13361,121,5,0,2,NULL,2,1896,1B,1993,0
younger01,Eric,Young,R,R,660,1731,6119,1279,327,46,79,89,44,996,543,465,22,9,7,3617,3025,160,1,0,0,NULL,NULL,1730,2B,2012,0
martide01,Dennis,Martinez,R,R,15,74,520,62,12,0,0,2,2,25,33,1,3,0,12,763,319,42,4,NULL,NULL,1,2,695,PITCHER,2004,0
mayca01,Carlos,May,L,R,512,1127,4120,842,172,23,90,45,39,545,536,85,19,2,7,193,2920,45,1,NULL,NULL,1,1,1165,LF,1983,0
hershor01,Orel,Hershiser,R,R,27,163,810,132,29,2,0,5,6,65,50,8,24,5,22,569,332,51,2,0,1,1,2,521,PITCHER,2006,0
aurilri01,Rich,Aurilia,R,R,450,1576,5721,1067,301,22,186,24,47,745,756,23,98,22,25,3516,3079,159,1,0,0,NULL,1,1652,SS,2015,0
puckeki01,Kirby,Puckett,R,R,450,2304,7244,1626,414,57,207,56,58,1071,1085,134,97,30,24,143,4392,51,10,0,6,2,NULL,1783,CF,2001,1
frymatr01,Travis,Fryman,R,R,602,1776,6481,1168,345,40,223,41,78,895,1022,72,68,13,20,3582,1393,179,5,0,1,NULL,NULL,1698,3B,2008,0
leonade01,Dennis,Leonard,R,R,0,0,0,0,0,0,0,0,0,0,0,0,0,0,10,292,135,24,NULL,0,0,1,1,313,PITCHER,1992,0
ellisdo01,Dock,Ellis,B,R,27,65,489,61,4,0,0,0,0,42,23,4,7,0,8,287,173,23,1,NULL,NULL,3,1,388,PITCHER,1985,0
fergujo01,Joe,Ferguson,R,R,562,719,3001,465,121,11,122,9,35,407,445,22,35,7,13,384,4253,68,NULL,NULL,NULL,1,2,1013,CATCHER,1989,0
griffke01,Ken,Griffey,L,L,719,2143,7229,1550,364,77,152,14,55,1129,859,200,75,18,20,199,4578,89,2,0,0,3,NULL,2097,RF,1997,0
guerrpe01,Pedro,Guerrero,R,R,609,1618,5392,1107,267,29,215,32,73,730,898,97,89,20,26,1093,6007,165,4,0,0,2,1,1536,1B,1998,0
tidrodi01,Dick,Tidrow,R,R,3,9,95,9,0,0,0,0,0,6,7,0,1,0,13,212,97,12,NULL,NULL,NULL,2,1,620,PITCHER,1990,0
lonboji01,Jim,Lonborg,R,R,51,105,770,83,17,2,3,1,2,41,43,1,11,0,5,268,189,22,0,0,0,NULL,1,426,PITCHER,1985,0
akerja01,Jack,Aker,R,R,1,7,92,5,2,0,0,1,0,3,4,0,NULL,NULL,NULL,167,65,8,NULL,0,0,NULL,NULL,496,PITCHER,1980,0
harrato01,Toby,Harrah,R,R,1153,1954,7402,1412,307,40,195,63,72,1115,918,238,NULL,NULL,NULL,4965,2530,279,1,0,0,NULL,NULL,2155,3B,1992,0
maddugr01,Greg,Maddux,R,R,34,272,1591,230,35,2,5,5,2,103,84,11,55,4,37,1194,546,53,4,0,18,1,2,759,PITCHER,2014,1
varitja01,Jason,Varitek,B,R,614,1307,5099,794,306,14,193,61,43,664,757,25,228,54,63,541,10166,69,2,0,1,2,NULL,1546,CATCHER,2017,0
deshaji01,Jim,Deshaies,L,L,23,33,373,33,0,0,0,0,0,13,12,0,NULL,NULL,NULL,205,45,14,NULL,NULL,NULL,NULL,NULL,258,PITCHER,2001,0
edwarjo01,Johnny,Edwards,L,R,465,1106,4577,791,202,32,81,16,43,430,524,15,12,4,4,703,8925,82,2,0,2,NULL,2,1470,CATCHER,1980,0
valenel01,Ellis,Valentine,R,R,180,881,3166,574,169,15,123,7,34,380,474,59,NULL,NULL,NULL,85,1570,47,1,0,1,NULL,NULL,894,RF,1991,0
colboji01,Jim,Colborn,R,R,2,4,55,3,0,1,0,0,0,0,1,0,NULL,NULL,NULL,274,114,17,0,NULL,NULL,NULL,NULL,302,PITCHER,1984,0
zambrca01,Carlos,Zambrano,B,R,10,165,693,112,26,3,24,0,4,75,71,1,10,1,5,290,168,25,2,0,0,NULL,NULL,384,PITCHER,2018,0
breweji01,Jim,Brewer,L,L,10,21,140,19,2,0,0,1,0,2,9,1,0,0,3,150,30,10,1,NULL,NULL,1,2,586,PITCHER,1982,0
thomafr04,Frank,Thomas,R,R,1667,2468,8199,1440,495,12,521,87,121,1494,1704,32,49,11,16,497,7910,80,3,2,0,1,NULL,2322,DH,2014,1
gladdfr01,Fred,Gladding,L,R,0,1,63,1,0,0,0,0,1,1,3,0,NULL,NULL,NULL,87,33,9,NULL,NULL,NULL,NULL,NULL,450,PITCHER,1979,0
bailobo01,Bob,Bailor,R,R,187,775,2937,636,107,23,9,20,20,339,222,90,1,0,2,1197,1493,72,NULL,NULL,NULL,NULL,NULL,955,RF,1991,0
galaran01,Andres,Galarraga,R,R,583,2333,8096,1458,444,32,399,178,58,1195,1425,128,66,12,18,1376,18244,176,5,0,2,NULL,NULL,2257,1B,2010,0
rueteki01,Kirk,Rueter,L,L,27,95,622,86,9,0,0,0,5,44,40,1,12,3,8,439,135,7,NULL,NULL,NULL,NULL,1,349,PITCHER,2011,0
rayjo01,Johnny,Ray,B,R,353,1502,5188,1119,294,36,53,12,56,604,594,80,NULL,NULL,NULL,3836,2757,123,1,0,0,NULL,NULL,1353,2B,1996,0
messean01,Andy,Messersmith,R,R,46,124,729,89,30,0,5,1,4,49,54,1,7,2,3,318,136,41,1,0,2,1,1,353,PITCHER,1985,0
thornan01,Andre,Thornton,R,R,876,1342,5291,823,244,22,253,41,71,792,895,48,NULL,NULL,NULL,502,6239,52,2,0,0,NULL,NULL,1565,DH,1993,0
hunteca01,Catfish,Hunter,R,R,8,149,658,124,16,3,6,0,5,60,51,2,21,2,22,319,225,23,6,0,0,5,1,515,PITCHER,1985,1
walketo04,Todd,Walker,L,R,421,1316,4554,895,284,30,107,16,46,647,545,66,52,15,15,2753,2239,96,NULL,NULL,NULL,NULL,NULL,1288,2B,2013,0
gosgeji01,Jim,Gosger,L,L,217,411,1815,298,67,16,30,6,11,197,177,25,NULL,NULL,NULL,36,1162,18,NULL,NULL,NULL,1,1,706,CF,1980,0
singebi01,Bill,Singer,R,R,14,45,413,34,11,0,0,5,0,20,13,0,NULL,NULL,NULL,310,95,34,2,NULL,NULL,1,1,324,PITCHER,1983,0
sierrru01,Ruben,Sierra,B,R,610,2152,8044,1359,428,59,306,7,120,1084,1322,142,91,24,31,108,2951,94,4,0,0,1,1,2186,RF,2012,0
evansdw01,Dwight,Evans,R,R,1391,2446,8996,1505,483,73,385,53,77,1470,1384,78,113,27,32,228,5450,78,3,0,8,NULL,2,2606,RF,1997,0
hraboal01,Al,Hrabosky,R,L,4,8,56,7,0,1,0,1,0,4,6,0,0,0,3,58,20,8,NULL,0,0,NULL,NULL,546,PITCHER,1988,0
fregoji01,Jim,Fregosi,R,R,715,1726,6523,1233,264,78,151,32,53,844,706,76,NULL,NULL,NULL,4555,3805,291,6,0,1,NULL,1,1902,SS,1984,0
huntro01,Ron,Hunt,R,R,555,1429,5235,1144,223,23,39,243,22,745,370,65,NULL,NULL,NULL,3807,2822,185,2,0,0,NULL,NULL,1483,2B,1980,0
karroer01,Eric,Karros,R,R,552,1724,6441,1105,324,11,284,31,76,797,1027,59,50,15,15,1359,14056,111,NULL,0,0,NULL,NULL,1755,1B,2010,0
allenbe01,Bernie,Allen,L,R,370,815,3404,581,140,21,73,8,17,357,352,13,NULL,NULL,NULL,2347,2031,100,NULL,NULL,NULL,NULL,1,1141,2B,1979,0
womacto01,Tony,Womack,L,R,308,1353,4963,1068,190,59,36,28,33,739,368,363,156,33,40,2780,2044,134,1,NULL,NULL,1,1,1303,2B,2012,0
unserde01,Del,Unser,L,L,481,1344,5215,1036,179,42,87,9,43,617,481,64,11,5,8,157,3643,55,NULL,NULL,NULL,1,NULL,1799,CF,1988,0
bagweje01,Jeff,Bagwell,R,R,1401,2314,7797,1345,488,32,449,128,102,1517,1529,202,106,24,33,1705,17546,129,4,1,1,NULL,1,2150,1B,2011,1
wellsda01,David,Wells,L,L,3,23,178,21,2,0,0,1,0,8,5,0,6,2,27,451,149,30,3,0,0,2,1,660,PITCHER,2013,0
sotoma01,Mario,Soto,R,R,11,70,530,55,13,1,1,2,2,32,24,0,0,0,1,203,95,22,3,NULL,NULL,NULL,NULL,303,PITCHER,1994,0
bedrost01,Steve,Bedrosian,R,R,3,15,153,15,0,0,0,0,0,3,2,0,0,0,13,122,64,10,1,0,0,2,1,732,PITCHER,2001,0
johnsch04,Charles,Johnson,R,R,475,940,3836,558,211,4,167,25,31,465,570,6,62,17,19,568,7218,51,2,0,4,1,NULL,1188,CATCHER,2011,0
burnije01,Jeromy,Burnitz,L,R,739,1447,5710,805,298,29,315,78,43,917,981,74,NULL,NULL,NULL,93,2913,71,1,NULL,NULL,NULL,1,1694,RF,2012,0
crowlte01,Terry,Crowley,L,L,222,379,1518,274,62,1,42,7,15,174,229,3,11,3,13,46,634,9,NULL,NULL,NULL,2,3,865,DH,1989,0
rhodear01,Arthur,Rhodes,L,L,0,1,6,1,0,0,0,0,0,0,0,0,0,0,29,125,38,9,0,NULL,NULL,1,1,903,PITCHER,2017,0
zeileto01,Todd,Zeile,R,R,945,2004,7573,1331,397,23,253,42,81,986,1110,53,113,33,29,3089,5257,276,NULL,NULL,NULL,NULL,2,2158,3B,2010,0
richepe01,Pete,Richert,L,L,9,43,297,36,5,1,1,1,1,21,15,2,0,0,4,168,53,18,2,NULL,NULL,2,2,446,PITCHER,1980,0
henderi01,Rickey,Henderson,R,L,2190,3055,10961,2182,510,66,297,98,67,2295,1115,1406,222,63,60,131,6468,141,10,1,1,2,2,3081,LF,2009,1
rolensc01,Scott,Rolen,R,R,899,2077,7398,1201,517,43,316,127,93,1211,1287,118,141,31,39,4081,1478,186,5,0,8,1,1,2038,3B,2018,0
griffke02,Ken,Griffey,L,L,1312,2781,9801,1589,524,38,630,81,102,1662,1836,184,69,20,18,154,5607,89,9,1,10,NULL,NULL,2671,CF,2016,1
hendrge01,George,Hendrick,R,R,567,1980,7129,1343,343,27,267,22,86,941,1111,59,75,17,23,207,4758,65,3,0,0,2,NULL,2048,RF,1994,0
sundbji01,Jim,Sundberg,R,R,699,1493,6021,1119,243,36,95,22,38,621,624,20,48,10,14,1007,9773,81,2,0,6,1,NULL,1962,CATCHER,1995,0
siebeso01,Sonny,Siebert,R,R,18,114,660,77,22,3,12,9,3,52,57,0,NULL,NULL,NULL,329,159,26,1,NULL,NULL,NULL,NULL,405,PITCHER,1981,0
mcgresc01,Scott,McGregor,B,L,0,0,0,0,0,0,0,0,0,0,0,0,9,0,6,317,119,9,0,NULL,NULL,1,1,357,PITCHER,1994,0
seaveto01,Tom,Seaver,R,R,108,202,1315,157,28,5,12,4,4,99,86,4,20,2,8,692,328,42,8,0,0,1,2,677,PITCHER,1992,1
bluevi01,Vida,Blue,B,L,49,53,512,40,9,0,4,3,1,37,15,0,13,0,17,427,127,19,4,1,0,3,NULL,508,PITCHER,1992,0
schilcu01,Curt,Schilling,R,R,25,117,773,103,13,1,0,0,1,39,29,1,24,2,19,297,183,22,3,0,0,3,1,571,PITCHER,2013,0
howear01,Art,Howe,R,R,275,682,2626,477,139,23,43,9,25,268,293,10,32,6,11,1597,1763,69,NULL,NULL,NULL,NULL,1,891,3B,1991,0
morame01,Melvin,Mora,R,R,520,1503,5422,1030,283,19,171,117,49,794,754,93,15,6,9,2445,1787,148,2,0,0,NULL,1,1556,3B,2017,0
martipe02,Pedro,Martinez,R,R,15,43,434,35,6,2,0,3,3,22,18,0,4,0,16,263,155,23,3,0,0,1,1,477,PITCHER,2015,1
forscbo01,Bob,Forsch,R,R,27,190,893,125,45,8,12,1,5,77,84,3,5,2,12,405,234,18,NULL,0,0,1,2,509,PITCHER,1995,0
washicl01,Claudell,Washington,L,L,468,1884,6787,1317,334,69,164,36,51,926,824,312,39,13,15,104,3198,91,2,NULL,NULL,1,NULL,1912,RF,1996,0
parrila02,Lance,Parrish,R,R,612,1782,7067,1126,305,27,324,37,58,856,1070,28,30,8,8,986,9840,98,7,0,3,1,NULL,1988,CATCHER,2001,0
casanpa01,Paul,Casanova,R,R,101,627,2786,478,87,12,50,9,24,214,252,2,NULL,NULL,NULL,395,4040,69,0,0,0,NULL,NULL,859,CATCHER,1980,0
johnsde01,Deron,Johnson,R,R,585,1447,5941,922,247,33,245,20,61,706,923,11,20,4,10,974,7038,104,NULL,0,0,3,2,1765,1B,1982,0
oglivbe01,Ben,Oglivie,L,L,560,1615,5913,1070,277,33,235,35,69,784,901,87,60,11,16,121,3399,74,3,0,0,NULL,1,1754,LF,1992,0
goodedw01,Dwight,Gooden,R,R,14,145,741,117,15,5,8,3,6,60,67,1,12,2,12,423,224,34,3,0,0,3,NULL,434,PITCHER,2006,0
percitr01,Troy,Percival,R,R,0,0,5,0,0,0,0,0,0,0,0,0,0,0,9,23,29,2,3,NULL,NULL,1,1,703,PITCHER,2015,0
castivi02,Vinny,Castilla,R,R,423,1884,6822,1187,349,28,320,60,71,902,1105,33,60,21,17,3632,1389,174,2,0,0,NULL,2,1854,3B,2012,0
williwo02,Woody,Williams,R,R,17,105,540,75,25,1,4,5,10,52,43,1,11,2,8,252,159,18,1,NULL,NULL,1,1,443,PITCHER,2013,0
thompro01,Robby,Thompson,R,R,439,1187,4612,791,238,39,119,66,19,671,458,103,49,8,16,3705,2611,110,0,0,1,NULL,1,1304,2B,2002,0
puhlte01,Terry,Puhl,L,R,505,1361,4855,1017,226,56,62,26,36,676,435,217,43,16,13,57,2585,18,0,NULL,NULL,NULL,NULL,1531,RF,1997,0
willibe02,Bernie,Williams,B,R,1069,2336,7869,1545,449,55,287,39,64,1366,1257,147,465,128,121,65,4710,48,4,0,4,4,2,2076,CF,2012,0
hargrmi01,Mike,Hargrove,L,L,965,1614,5564,1240,266,28,80,53,67,783,686,24,NULL,NULL,NULL,1027,11603,123,1,0,0,NULL,NULL,1666,1B,1991,0
mcgeewi01,Willie,McGee,B,R,448,2254,7649,1731,350,94,79,15,46,1010,856,352,192,53,54,136,4295,108,4,1,3,1,3,2201,CF,2005,0
raderdo02,Doug,Rader,R,R,528,1302,5186,863,245,39,155,40,51,631,722,37,NULL,NULL,NULL,2913,1526,201,NULL,0,5,NULL,NULL,1465,3B,1983,0
claytro01,Royce,Clayton,R,R,565,1904,7379,1376,363,55,110,45,62,935,723,231,45,11,13,5904,3096,242,1,NULL,NULL,1,NULL,2108,SS,2013,0
leebi03,Bill,Lee,L,L,1,41,197,35,3,1,2,0,0,12,10,0,6,1,4,415,83,28,0,NULL,NULL,NULL,1,419,PITCHER,1988,0
lowelmi01,Mike,Lowell,R,R,548,1619,5813,995,394,7,223,52,84,771,952,30,115,29,34,2725,1468,104,4,0,1,3,NULL,1601,3B,2016,0
jacksso01,Sonny,Jackson,L,R,250,767,3055,651,81,28,7,11,17,396,162,126,0,0,1,1820,1392,158,NULL,NULL,NULL,NULL,NULL,936,SS,1980,0
davisch01,Chili,Davis,B,R,1194,2380,8673,1576,424,30,350,15,94,1240,1372,142,100,21,34,77,2566,80,3,NULL,NULL,3,NULL,2436,DH,2005,0
alomaro01,Roberto,Alomar,B,R,1032,2724,9073,1930,504,80,210,50,97,1508,1134,474,230,72,58,6536,4463,183,12,0,10,2,NULL,2379,2B,2010,1
kessido01,Don,Kessinger,B,R,684,1931,7651,1583,254,80,14,22,40,899,527,100,NULL,NULL,NULL,6453,3292,350,6,0,2,NULL,NULL,2078,SS,1985,0
wallati01,Tim,Wallach,R,R,649,2085,8099,1357,432,36,260,77,77,908,1125,51,28,2,11,4065,2543,247,5,0,3,NULL,NULL,2212,3B,2002,0
clarkho01,Horace,Clarke,B,R,365,1230,4813,1030,150,23,27,11,24,548,304,151,NULL,NULL,NULL,3383,2802,118,NULL,NULL,NULL,NULL,NULL,1272,2B,1980,0
cedence01,Cesar,Cedeno,R,R,664,2087,7310,1392,436,60,199,56,71,1084,976,550,52,9,17,195,5984,91,4,0,5,NULL,1,2006,CF,1992,0
clarkto02,Tony,Clark,B,R,527,1188,4532,693,233,11,251,21,40,629,824,6,37,5,12,709,9351,75,1,NULL,NULL,NULL,NULL,1559,1B,2015,0
tewksbo01,Bob,Tewksbury,R,R,21,50,380,43,7,0,0,0,0,20,19,0,NULL,NULL,NULL,344,138,10,1,NULL,NULL,NULL,NULL,304,PITCHER,2004,0
schmimi01,Mike,Schmidt,R,R,1507,2234,8352,1219,408,59,548,79,108,1506,1595,174,140,33,36,5193,2836,328,10,3,10,1,1,2404,3B,1995,1
tettlmi01,Mickey,Tettleton,B,R,949,1132,4698,661,210,16,245,30,47,711,732,23,12,1,4,408,4951,55,2,0,0,NULL,NULL,1485,CATCHER,2003,0
evansda01,Darrell,Evans,L,R,1605,2223,8973,1444,329,36,414,35,90,1344,1354,98,42,9,13,3929,7964,329,2,0,0,1,NULL,2687,3B,1995,0
bailebo01,Bob,Bailey,R,R,852,1564,6082,1098,234,43,189,17,52,772,773,85,NULL,NULL,NULL,2397,2258,210,NULL,NULL,NULL,1,NULL,1931,3B,1984,0
cartejo01,Joe,Carter,R,R,527,2184,8422,1303,432,53,396,90,105,1170,1445,231,119,30,29,281,5890,118,5,0,0,2,NULL,2189,LF,2004,0
gamblos01,Oscar,Gamble,L,R,610,1195,4502,776,188,31,200,43,30,656,666,47,42,12,18,59,1412,35,NULL,NULL,NULL,NULL,2,1584,DH,1991,0
mayje01,Jerry,May,R,R,157,357,1527,269,63,10,15,11,13,120,130,1,NULL,NULL,NULL,248,2649,29,NULL,NULL,NULL,NULL,1,556,CATCHER,1979,0
holtzke01,Ken,Holtzman,R,L,17,99,607,77,19,1,2,0,1,35,34,0,13,4,13,471,117,26,1,0,0,5,1,456,PITCHER,1985,0
malonji01,Jim,Maloney,L,R,33,126,628,94,21,4,7,1,3,51,53,2,0,0,1,232,101,15,1,NULL,NULL,NULL,2,321,PITCHER,1978,0
mclaide01,Denny,McLain,R,R,25,82,616,74,5,2,1,0,4,32,31,1,6,0,3,212,154,13,3,1,0,2,NULL,285,PITCHER,1978,0
myersra01,Randy,Myers,L,L,3,11,60,8,3,0,0,0,0,5,7,0,0,0,29,92,27,5,4,0,0,2,1,729,PITCHER,2004,0
tananfr01,Frank,Tanana,L,L,2,9,59,7,1,1,0,0,0,3,5,0,0,0,2,638,226,19,1,0,0,NULL,NULL,639,PITCHER,1999,0
simsdu01,Duke,Sims,L,R,338,580,2422,394,80,6,100,35,9,263,310,6,14,3,4,360,4206,72,NULL,NULL,NULL,NULL,NULL,843,CATCHER,1980,0
scottge02,George,Scott,R,R,699,1992,7433,1355,306,60,271,53,62,957,1051,69,26,6,7,1520,15601,201,3,0,8,NULL,1,2034,1B,1985,0
stantmi01,Mike,Stanton,B,R,0,1,4,1,0,0,0,0,0,0,0,0,NULL,NULL,NULL,52,28,4,NULL,NULL,NULL,NULL,NULL,277,PITCHER,2013,0
bondsbo01,Bobby,Bonds,R,R,914,1886,7043,1186,302,66,332,53,64,1258,1024,461,8,2,3,128,3659,89,3,0,3,NULL,NULL,1849,RF,1987,0
davalvi01,Vic,Davalillo,L,L,212,1122,4017,889,160,37,36,10,25,510,329,125,31,10,22,82,2389,36,1,0,1,3,2,1458,CF,1986,0
bandosa01,Sal,Bando,R,R,1031,1790,7060,1221,289,38,242,75,57,982,1039,75,159,39,44,3743,1788,231,3,0,0,3,NULL,2019,3B,1987,0
otisam01,Amos,Otis,R,R,757,2020,7299,1387,374,66,193,33,103,1092,1007,341,78,23,22,129,4940,48,4,0,3,1,1,1998,CF,1990,0
cartega01,Gary,Carter,R,R,848,2092,7971,1366,371,31,324,68,99,1025,1225,39,118,33,30,1247,12490,128,10,0,3,1,NULL,2296,CATCHER,1998,1
milleno01,Norm,Miller,L,R,160,325,1364,223,68,10,24,15,10,166,159,16,NULL,NULL,NULL,23,570,18,NULL,NULL,NULL,NULL,NULL,540,RF,1980,0
torboje01,Jeff,Torborg,R,R,103,297,1391,244,42,3,8,4,10,78,101,3,NULL,NULL,NULL,214,2998,32,NULL,NULL,NULL,1,1,574,CATCHER,1979,0
durhara01,Ray,Durham,B,R,820,2054,7408,1343,440,79,192,72,68,1249,875,273,56,14,15,4926,3506,181,2,NULL,NULL,NULL,NULL,1975,2B,2014,0
zachrpa01,Pat,Zachry,R,R,14,36,318,36,0,0,0,0,2,9,6,0,1,0,4,176,60,13,0,0,0,1,NULL,293,PITCHER,1991,0
jonesja05,Jason,Jones,B,R,10,23,107,14,6,0,3,3,1,11,11,0,NULL,NULL,NULL,3,44,1,NULL,NULL,NULL,NULL,NULL,40,LF,2014,0
smithre06,Reggie,Smith,B,R,890,2020,7033,1286,363,57,314,33,86,1123,1092,137,107,25,32,304,5186,123,7,0,1,1,3,1987,RF,1988,0
dawsoan01,Andre,Dawson,R,R,589,2774,9927,1735,503,98,438,111,118,1373,1591,314,59,11,15,157,5158,93,8,1,8,NULL,NULL,2627,RF,2002,1
grimsro02,Ross,Grimsley,L,L,6,45,353,41,4,0,0,1,1,21,15,0,6,2,9,357,60,13,0,NULL,NULL,NULL,1,346,PITCHER,1988,0
linzyfr01,Frank,Linzy,R,R,3,18,121,16,0,1,1,1,0,5,3,0,NULL,NULL,NULL,236,51,9,NULL,NULL,NULL,NULL,NULL,516,PITCHER,1980,0
tovarce01,Cesar,Tovar,R,R,413,1546,5569,1192,253,55,46,88,34,834,435,226,28,7,8,1043,2686,124,NULL,NULL,NULL,NULL,2,1488,CF,1982,0
jonesdo01,Doug,Jones,R,R,1,1,7,1,0,0,0,0,0,0,0,0,0,0,3,152,60,21,4,0,0,NULL,1,846,PITCHER,2006,0
remyje01,Jerry,Remy,L,R,356,1226,4455,1041,140,38,7,4,32,605,329,208,NULL,NULL,NULL,3243,2293,110,0,NULL,NULL,NULL,NULL,1154,2B,1990,0
mayru01,Rudy,May,L,L,22,42,341,33,9,0,0,2,1,12,14,0,1,0,6,382,87,37,NULL,NULL,NULL,NULL,2,536,PITCHER,1989,0
bumbral01,Al,Bumbry,L,R,471,1422,5053,1096,220,52,54,21,30,778,402,254,64,9,22,68,2975,44,1,0,0,1,1,1496,CF,1991,0
fostege01,George,Foster,R,R,666,1925,7023,1223,307,47,348,52,68,986,1239,51,76,22,23,119,3809,62,5,1,0,3,1,1977,LF,1992,0
greensh01,Shawn,Green,L,L,744,2003,7082,1195,445,35,328,80,53,1129,1070,162,48,14,13,152,4373,54,2,0,1,1,NULL,1951,RF,2013,0
boutoji01,Jim,Bouton,R,R,14,35,347,32,3,0,0,3,1,8,21,0,9,1,3,177,112,15,1,NULL,NULL,1,2,307,PITCHER,1984,0
hickmji02,Jim,Hickman,R,R,491,1002,3974,655,163,25,159,16,29,518,560,17,NULL,NULL,NULL,392,3947,76,1,NULL,NULL,NULL,NULL,1421,RF,1980,0
ryanmi02,Mike,Ryan,R,R,152,370,1920,270,60,12,28,4,11,146,161,4,2,0,1,325,3473,34,NULL,NULL,NULL,NULL,1,636,CATCHER,1980,0
floydcl01,Cliff,Floyd,L,R,601,1479,5319,883,340,23,233,91,48,824,865,148,37,8,19,134,2881,63,1,NULL,NULL,1,1,1621,LF,2015,0
kileda01,Darryl,Kile,R,R,43,87,657,62,23,0,2,4,1,38,40,0,9,2,7,287,136,27,1,NULL,NULL,NULL,NULL,364,PITCHER,2003,0
greenmi01,Mike,Greenwell,L,R,460,1400,4623,957,275,38,130,39,41,657,726,80,48,7,17,85,2094,43,2,0,0,NULL,1,1269,LF,2002,0
cardejo02,Jose,Cardenal,R,R,608,1913,6964,1396,333,46,138,26,61,936,775,329,16,3,6,164,3964,95,NULL,NULL,NULL,NULL,1,2017,CF,1986,0
hortowi01,Willie,Horton,R,R,620,1993,7298,1344,284,40,325,58,59,873,1163,20,33,8,12,60,1921,58,4,0,0,1,NULL,2028,LF,1986,0
keyji01,Jimmy,Key,R,L,0,0,2,0,0,0,0,0,0,0,0,0,1,0,14,452,172,22,4,0,0,2,NULL,471,PITCHER,2004,0
baineha01,Harold,Baines,L,L,1062,2866,9908,1945,488,49,384,14,99,1299,1628,34,102,33,31,69,2031,47,6,0,0,NULL,1,2830,DH,2007,0
nevinph01,Phil,Nevin,R,R,449,1131,4188,708,209,6,208,30,33,584,743,18,3,0,1,1122,3708,112,1,NULL,NULL,NULL,NULL,1217,3B,2012,0
beckegl01,Glenn,Beckert,R,R,260,1473,5208,1224,196,31,22,19,27,685,360,49,NULL,NULL,NULL,3719,2712,179,4,0,1,NULL,NULL,1320,2B,1981,0
jonesto02,Todd,Jones,L,R,1,4,19,3,1,0,0,0,0,1,0,0,0,0,8,112,70,8,1,0,0,NULL,1,982,PITCHER,2014,0
campabe01,Bert,Campaneris,R,R,618,2249,8684,1771,313,86,79,64,60,1181,646,649,144,35,37,6323,3789,388,5,0,0,3,NULL,2328,SS,1989,0
johnsra05,Randy,Johnson,R,L,19,78,625,63,14,0,1,2,1,20,40,0,24,2,19,448,90,57,8,0,0,1,NULL,619,PITCHER,2015,1
millafe01,Felix,Millan,R,R,318,1617,5791,1328,229,38,22,63,32,699,403,67,63,16,15,3846,3498,151,2,0,2,NULL,1,1480,2B,1983,0
knighra01,Ray,Knight,R,R,343,1311,4829,934,266,27,84,36,61,490,595,14,61,17,15,1858,3669,131,2,0,0,1,NULL,1495,3B,1994,0
smithle02,Lee,Smith,R,R,3,3,64,2,0,0,1,0,0,2,2,0,0,0,4,111,52,4,3,0,0,NULL,NULL,1023,PITCHER,2003,0
jordabr01,Brian,Jordan,R,R,353,1454,5160,966,267,37,184,74,57,755,821,119,140,35,38,96,2852,35,1,NULL,NULL,NULL,1,1456,RF,2012,0
rayji01,Jim,Ray,R,R,2,16,117,16,0,0,0,1,0,4,6,0,NULL,NULL,NULL,70,26,2,NULL,NULL,NULL,NULL,NULL,309,PITCHER,1980,0
martied01,Edgar,Martinez,R,R,1283,2247,7213,1409,514,15,309,89,77,1219,1261,49,128,34,34,1025,566,81,7,0,0,NULL,NULL,2055,DH,2010,0
seguidi01,Diego,Segui,R,R,14,58,384,48,5,1,4,1,1,26,24,0,2,0,2,243,128,17,NULL,NULL,NULL,1,1,640,PITCHER,1983,0
willimi02,Mitch,Williams,L,L,1,3,16,2,0,0,1,0,0,2,4,0,0,0,9,75,14,17,1,NULL,NULL,NULL,1,619,PITCHER,2003,0
wakefti01,Tim,Wakefield,R,R,3,13,111,10,2,0,1,1,0,4,4,0,6,0,18,329,227,30,0,0,0,2,NULL,630,PITCHER,2017,0
cardele01,Leo,Cardenas,R,R,522,1725,6707,1273,285,49,118,28,48,662,689,39,27,5,9,5429,3271,266,4,0,1,NULL,1,1941,SS,1981,0
caseyse01,Sean,Casey,L,R,477,1531,5066,1067,322,12,130,62,39,690,735,18,39,16,12,558,10875,53,2,0,0,NULL,2,1405,1B,2014,0
buhneja01,Jay,Buhner,R,R,792,1273,5013,711,233,19,310,56,54,797,965,6,85,26,26,100,2537,33,1,0,1,NULL,NULL,1472,RF,2007,0
cashda01,Dave,Cash,R,R,424,1571,5554,1251,243,56,21,18,31,732,426,120,89,21,21,3905,3228,121,3,NULL,NULL,1,NULL,1422,2B,1986,0
schmija01,Jason,Schmidt,R,R,22,63,597,47,9,0,7,2,1,29,21,0,8,0,5,163,91,11,1,0,0,1,2,324,PITCHER,2015,0
carrocl02,Clay,Carroll,R,R,7,27,208,26,0,0,1,0,0,17,7,0,1,0,22,310,60,11,0,0,0,1,2,731,PITCHER,1984,0
yountro01,Robin,Yount,R,R,966,3142,11008,2182,583,126,251,48,123,1632,1406,271,64,22,17,4850,5855,305,3,2,1,NULL,1,2856,SS,1999,1
rosepe01,Pete,Rose,B,R,1566,4256,14053,3215,746,135,160,107,79,2165,1314,198,268,86,67,3349,12394,213,16,1,2,3,3,3562,1B,1992,0
trammal01,Alan,Trammell,R,R,850,2365,8288,1713,412,55,185,37,76,1231,1003,236,51,17,13,6265,3448,235,4,0,4,1,NULL,2293,SS,2002,1
powelbo01,Boog,Powell,L,R,1001,1776,6681,1156,270,11,339,29,72,889,1187,20,126,33,33,880,12796,133,3,1,0,2,3,2042,1B,1983,0
carltst01,Steve,Carlton,L,L,41,346,1719,278,49,6,13,10,13,123,140,2,27,6,16,724,109,42,5,0,1,3,2,745,PITCHER,1994,1
templga01,Garry,Templeton,B,R,375,2096,7721,1591,329,106,70,9,46,893,728,242,34,11,10,6078,3551,386,2,0,0,NULL,1,2079,SS,1997,0
bonilbo01,Bobby,Bonilla,B,R,912,2010,7213,1254,408,61,287,28,97,1084,1173,45,149,32,46,1869,3045,230,6,0,0,1,NULL,2113,3B,2007,0
helmsto01,Tommy,Helms,R,R,231,1342,4997,1064,223,21,34,15,42,414,477,33,29,7,8,3624,2909,130,2,0,2,NULL,1,1435,2B,1983,0
bahnsst01,Stan,Bahnsen,R,R,19,56,479,45,8,2,1,1,1,22,19,0,0,0,1,414,154,35,NULL,0,0,NULL,NULL,575,PITCHER,1988,0
drabedo01,Doug,Drabek,R,R,17,119,716,97,17,3,2,7,2,42,46,0,17,2,7,342,266,29,1,0,0,NULL,NULL,412,PITCHER,2004,0
alomasa02,Sandy,Alomar,R,R,212,1236,4530,865,249,10,112,41,34,520,588,25,173,37,49,464,7667,86,6,0,1,NULL,2,1377,CATCHER,2013,0
stairma01,Matt,Stairs,L,R,717,1366,5204,794,294,13,265,57,40,770,899,30,24,3,17,215,3159,40,NULL,NULL,NULL,1,2,1895,RF,2017,0
beaucji01,Jim,Beauchamp,R,R,54,153,661,117,18,4,14,3,12,79,90,6,4,0,4,46,755,17,NULL,NULL,NULL,NULL,1,393,1B,1979,0
marshmi01,Mike,Marshall,R,R,17,35,179,33,1,0,1,1,2,11,16,0,0,0,7,283,105,15,1,0,0,NULL,1,725,PITCHER,1987,0
campbbi02,Bill,Campbell,R,R,4,4,26,4,0,0,0,0,0,2,2,0,0,0,6,172,119,13,1,0,0,NULL,1,700,PITCHER,1993,0
yastrca01,Carl,Yastrzemski,L,R,1845,3419,11988,2262,646,59,452,40,105,1816,1844,168,65,24,17,775,10437,135,14,1,7,NULL,2,3308,LF,1989,1
jacksgr01,Grant,Jackson,B,L,7,32,236,27,2,1,2,1,0,20,17,0,2,0,13,170,55,16,0,NULL,NULL,1,2,718,PITCHER,1988,0
finlest01,Steve,Finley,L,L,844,2548,9397,1671,449,124,304,53,75,1443,1167,320,165,41,51,134,5664,72,2,0,5,1,2,2583,CF,2013,0
gaettga01,Gary,Gaetti,R,R,634,2280,8951,1438,443,39,360,96,104,1130,1341,96,93,22,25,4623,2607,237,2,0,4,1,NULL,2507,3B,2006,0
lopesda01,Davey,Lopes,R,R,833,1671,6354,1234,232,50,155,31,48,1023,614,557,181,43,50,3931,3558,177,4,0,1,1,3,1812,2B,1993,0
colemvi01,Vince,Coleman,B,R,477,1425,5406,1132,176,89,28,15,24,849,346,752,111,22,28,109,2452,68,2,0,0,NULL,2,1371,LF,2003,0
butlebr01,Brett,Butler,L,L,1129,2375,8180,1913,277,131,54,38,51,1359,578,558,49,12,14,122,5296,41,1,0,0,NULL,1,2213,CF,2003,0
eisenji01,Jim,Eisenreich,L,L,324,1160,3995,848,221,39,52,8,42,492,477,105,52,12,20,57,2249,28,NULL,NULL,NULL,1,1,1422,RF,2004,0
staubru01,Rusty,Staub,L,R,1255,2716,9720,1878,499,47,292,79,119,1189,1466,47,41,14,11,402,6572,140,4,0,0,NULL,1,2951,RF,1991,0
bolinbo01,Bobby,Bolin,R,R,35,69,423,53,9,1,6,3,0,39,35,1,0,0,2,190,87,15,NULL,NULL,NULL,NULL,1,496,PITCHER,1979,0
murphda05,Dale,Murphy,R,R,986,2111,7960,1324,350,39,398,28,60,1197,1266,161,11,3,3,300,6319,123,7,2,5,NULL,NULL,2180,CF,1999,0
anderbr01,Brady,Anderson,L,L,960,1661,6499,1046,338,67,210,154,50,1062,761,315,80,24,19,60,3713,42,3,NULL,NULL,NULL,NULL,1834,CF,2008,0
stephjo03,John,Stephens,R,R,0,0,0,0,0,0,0,0,0,0,0,0,NULL,NULL,NULL,10,2,1,NULL,NULL,NULL,NULL,NULL,12,PITCHER,1979,0
sanchfr01,Freddy,Sanchez,R,R,180,1012,3402,732,215,17,48,32,37,434,371,13,63,16,15,2099,1466,45,2,NULL,NULL,1,NULL,904,2B,2017,0
eckerde01,Dennis,Eckersley,R,R,9,24,181,18,3,0,3,0,1,9,12,0,2,0,28,365,208,31,6,1,0,1,2,1073,PITCHER,2004,1
maybejo01,John,Mayberry,L,L,881,1379,5447,894,211,19,255,55,53,733,879,20,30,6,9,827,13169,88,2,0,0,NULL,NULL,1620,1B,1988,0
ageeto01,Tommie,Agee,R,R,342,999,3912,672,170,27,130,34,15,558,433,167,32,8,8,53,2371,61,2,0,2,1,NULL,1130,CF,1979,0
petrori01,Rico,Petrocelli,R,R,661,1352,5390,883,237,22,210,26,57,653,773,10,58,14,17,3750,1886,176,2,0,0,NULL,2,1553,SS,1982,0
milnejo01,John,Milner,L,L,504,855,3436,568,140,16,131,10,28,455,498,31,65,15,21,313,4811,57,NULL,NULL,NULL,1,1,1215,1B,1988,0
mussimi01,Mike,Mussina,L,R,1,9,52,8,1,0,0,0,0,3,5,0,4,0,23,497,231,15,3,0,7,NULL,2,537,PITCHER,2014,0
stargwi01,Willie,Stargell,L,L,937,2232,7927,1279,423,55,475,78,75,1194,1540,17,133,37,36,486,9278,151,7,1,0,2,NULL,2360,LF,1988,1
murcebo01,Bobby,Murcer,L,R,862,1862,6730,1280,285,45,252,27,81,972,1043,127,11,1,8,293,3352,90,5,0,1,NULL,1,1908,RF,1989,0
olivato01,Tony,Oliva,L,R,448,1917,6301,1320,329,48,220,59,57,870,947,86,51,16,13,71,2332,61,6,0,1,NULL,1,1676,RF,1982,0
hislela01,Larry,Hisle,R,R,462,1146,4205,755,193,32,166,39,42,652,674,128,NULL,NULL,NULL,70,2213,52,2,0,0,NULL,1,1197,CF,1988,0
nettlgr01,Graig,Nettles,L,R,1088,2225,8986,1479,328,28,390,50,90,1193,1314,32,182,41,53,5295,2098,298,6,0,2,2,3,2700,3B,1994,0
leeca01,Carlos,Lee,R,R,655,2273,7983,1427,469,19,358,47,98,1125,1363,125,11,1,3,294,4987,63,3,0,0,NULL,NULL,2099,LF,2018,0
ziskri01,Richie,Zisk,R,R,533,1477,5144,999,245,26,207,12,41,681,792,8,20,8,6,68,1680,33,2,0,0,1,NULL,1453,RF,1989,0
jacksda02,Danny,Jackson,R,L,10,54,428,40,12,2,0,1,1,28,28,0,16,1,11,285,105,30,1,0,0,2,1,356,PITCHER,2003,0
nenro01,Robb,Nen,R,R,0,1,15,1,0,0,0,0,0,0,0,0,1,0,20,69,44,7,2,0,0,1,1,643,PITCHER,2008,0
allendi01,Dick,Allen,R,R,894,1848,6332,1098,320,79,351,16,53,1099,1119,133,9,2,3,1711,7658,245,6,1,0,NULL,NULL,1749,1B,1983,0
montawi01,Willie,Montanez,L,L,465,1604,5843,1161,279,25,139,24,65,645,802,32,NULL,NULL,NULL,747,10764,104,1,0,0,NULL,NULL,1632,1B,1988,0
moneydo01,Don,Money,R,R,600,1623,6215,1109,302,36,176,40,53,798,729,80,27,5,11,3242,2697,150,2,NULL,NULL,NULL,1,1720,3B,1989,0
benitar01,Armando,Benitez,R,R,0,0,8,0,0,0,0,0,0,0,2,0,0,0,28,40,31,7,0,0,0,NULL,2,762,PITCHER,2014,0
caldwmi01,Mike,Caldwell,R,L,4,34,216,27,7,0,0,0,1,11,8,0,0,0,6,499,116,15,NULL,NULL,NULL,NULL,1,477,PITCHER,1990,0
hernake01,Keith,Hernandez,L,L,1070,2182,7370,1534,426,60,162,32,71,1124,1071,98,117,31,30,1682,17916,115,5,1,11,2,NULL,2088,1B,1996,0
garcino01,Nomar,Garciaparra,R,R,403,1747,5586,1096,370,52,229,59,63,927,936,95,112,36,32,3211,3422,171,5,0,0,1,NULL,1434,SS,2015,0
oneilpa01,Paul,O'Neill,L,L,892,2105,7318,1352,451,21,281,22,90,1041,1269,141,299,85,85,118,3915,48,5,NULL,NULL,5,1,2053,RF,2007,0
hernaro01,Roberto,Hernandez,R,R,0,1,2,1,0,0,0,0,0,0,0,0,0,0,11,127,53,17,2,NULL,NULL,NULL,NULL,1010,PITCHER,2013,0
cruzjo01,Jose,Cruz,L,L,898,2251,7917,1601,391,94,165,7,82,1036,1077,317,61,17,16,126,4413,120,1,0,0,NULL,NULL,2353,LF,1994,0
trillma01,Manny,Trillo,R,R,452,1562,5950,1229,239,33,61,34,49,598,571,56,60,16,17,4855,3977,169,4,0,3,3,NULL,1780,2B,1995,0
sosasa01,Sammy,Sosa,R,R,929,2408,8813,1375,379,45,609,59,78,1475,1667,234,53,13,15,143,4522,128,6,1,0,NULL,NULL,2354,RF,2013,0
scottto01,Tony,Scott,B,R,186,699,2803,543,111,28,17,16,25,331,253,125,20,3,5,53,1803,27,NULL,NULL,NULL,NULL,NULL,991,CF,1990,0
culpra01,Ray,Culp,R,R,26,74,602,63,8,2,1,1,0,40,34,0,NULL,NULL,NULL,237,135,22,2,NULL,NULL,NULL,NULL,322,PITCHER,1979,0
medicdo01,Doc,Medich,R,R,4,5,54,5,0,0,0,0,0,3,1,0,0,0,1,286,114,21,NULL,NULL,NULL,NULL,1,314,PITCHER,1988,0
aguilri01,Rick,Aguilera,R,R,6,28,139,22,3,0,3,0,0,12,11,0,2,0,15,177,99,5,3,NULL,NULL,2,NULL,737,PITCHER,2006,0
biggicr01,Craig,Biggio,R,R,1160,3060,10876,2046,668,55,291,285,81,1844,1175,414,167,39,40,5671,7156,201,7,0,4,NULL,1,2850,2B,2013,1
sandere02,Reggie,Sanders,R,R,674,1666,6241,960,341,60,305,71,43,1037,983,304,221,43,64,103,3334,68,1,0,0,1,2,1777,RF,2013,0
molitpa01,Paul,Molitor,R,R,1094,3319,10835,2366,605,114,234,47,109,1782,1307,504,117,43,29,3241,3506,208,6,0,0,1,1,2683,DH,2004,1
francju02,Juan,Francisco,L,R,81,235,996,133,50,4,48,8,6,110,152,2,1,0,1,303,761,38,NULL,NULL,NULL,NULL,NULL,404,3B,2013,0
sadecra01,Ray,Sadecki,L,L,27,151,789,121,21,4,5,1,1,59,56,0,2,1,6,312,62,52,NULL,NULL,NULL,1,1,587,PITCHER,1983,0
koscoan01,Andy,Kosco,R,R,99,464,1963,308,75,8,73,6,19,204,267,5,10,3,3,73,1220,23,NULL,NULL,NULL,NULL,1,658,RF,1980,0
tenacge01,Gene,Tenace,R,R,984,1060,4390,660,179,20,201,91,39,653,674,36,114,18,42,743,8731,103,1,0,0,4,NULL,1555,CATCHER,1989,0
maricju01,Juan,Marichal,R,R,38,202,1221,167,29,2,4,2,7,73,75,2,5,0,2,577,291,47,8,0,0,NULL,1,475,PITCHER,1981,1
valenfe01,Fernando,Valenzuela,L,L,8,187,936,150,26,1,10,0,6,56,84,0,20,1,9,586,202,30,5,0,1,2,NULL,474,PITCHER,2003,0
blairpa01,Paul,Blair,R,R,449,1513,6042,1042,282,55,134,23,51,776,620,171,146,38,52,115,4347,57,2,0,8,4,2,1947,CF,1986,0
selmadi01,Dick,Selma,R,R,5,35,203,28,5,2,0,1,1,13,7,1,NULL,NULL,NULL,157,52,7,NULL,NULL,NULL,NULL,NULL,324,PITCHER,1980,0
jenkife01,Fergie,Jenkins,R,R,41,148,896,102,27,6,13,0,7,54,85,0,NULL,NULL,NULL,660,363,49,2,0,0,NULL,NULL,665,PITCHER,1989,1
vuckope01,Pete,Vuckovich,R,R,3,33,208,26,7,0,0,0,2,15,13,1,0,0,6,222,87,21,NULL,0,0,NULL,1,286,PITCHER,1992,0
murraed02,Eddie,Murray,B,R,1333,3255,11336,2156,560,35,504,18,128,1627,1917,110,159,41,44,1871,21265,168,6,0,3,1,2,3026,1B,2003,1
lynnfr01,Fred,Lynn,L,L,857,1960,6925,1223,388,43,306,30,86,1063,1111,72,54,22,15,114,4556,55,9,1,4,NULL,1,1969,CF,1996,0
russeje01,Jeff,Russell,R,R,5,11,79,7,3,0,1,0,1,3,10,0,0,0,5,192,71,10,2,0,0,NULL,NULL,591,PITCHER,2002,0
gossari01,Rich,Gossage,R,R,4,9,85,8,1,0,0,0,0,1,2,0,1,0,19,180,78,21,6,0,0,1,3,1003,PITCHER,2000,1
hudsoor01,Orlando,Hudson,B,R,483,1319,4825,904,256,66,93,30,42,648,542,85,16,5,11,3860,2652,92,2,0,4,NULL,NULL,1345,2B,2018,0
hurstbr01,Bruce,Hurst,L,L,20,31,274,26,5,0,0,0,0,11,8,0,3,0,7,355,98,15,0,NULL,NULL,NULL,1,380,PITCHER,2000,0
sweenmi01,Mike,Sweeney,R,R,522,1540,5188,995,325,5,215,74,59,759,909,53,1,1,1,515,6015,70,4,0,0,NULL,NULL,1454,DH,2016,0
dentbu01,Bucky,Dent,R,R,328,1114,4512,882,169,23,40,15,49,451,423,17,83,23,24,4335,2122,156,3,0,0,2,1,1392,SS,1990,0
brilene01,Nelson,Briles,R,R,21,72,469,58,9,2,3,2,3,29,29,0,11,1,6,263,131,14,NULL,NULL,NULL,2,1,452,PITCHER,1984,0
krukomi01,Mike,Krukow,R,R,17,139,722,112,22,0,5,4,6,44,54,3,2,0,1,284,146,23,1,NULL,NULL,NULL,1,371,PITCHER,1995,0
jacksre01,Reggie,Jackson,L,L,1375,2584,9864,1509,463,49,563,96,68,1551,1702,228,281,78,77,133,4062,142,12,1,0,5,1,2820,RF,1993,1
baylodo01,Don,Baylor,R,R,805,2135,8198,1403,366,28,338,267,115,1236,1276,285,121,33,38,110,2716,58,1,1,0,2,3,2292,DH,1994,0
winfida01,Dave,Winfield,R,R,1216,3110,11003,2017,540,88,465,25,95,1669,1833,223,101,21,26,168,5012,95,12,0,7,1,2,2973,RF,2001,1
belleal01,Albert,Belle,R,R,683,1726,5853,935,389,21,381,55,78,974,1239,88,61,14,18,91,2642,66,4,0,0,NULL,1,1539,LF,2006,0
snowjt01,J. T.,Snow,L,L,760,1509,5641,1008,293,19,189,64,64,798,877,20,98,32,28,1016,12855,63,NULL,0,6,NULL,1,1716,1B,2014,0
burroje01,Jeff,Burroughs,R,R,831,1443,5536,953,230,20,240,15,63,720,882,16,1,0,1,86,2177,60,1,1,0,NULL,NULL,1689,RF,1991,0
hootobu01,Burt,Hooton,R,R,44,92,748,70,18,0,4,2,2,42,49,0,20,1,11,373,165,16,1,0,0,1,2,481,PITCHER,1991,0
boddimi01,Mike,Boddicker,R,R,0,0,0,0,0,0,0,0,0,2,0,0,3,0,4,366,245,32,0,0,1,1,NULL,347,PITCHER,1999,0
luzingr01,Greg,Luzinski,R,R,845,1795,6505,1120,344,24,307,84,79,880,1128,37,82,20,23,105,2120,57,4,0,0,1,NULL,1821,LF,1990,0
woodke02,Kerry,Wood,R,R,11,59,346,46,6,0,7,0,1,23,32,0,11,3,15,123,73,9,1,0,0,NULL,NULL,449,PITCHER,2018,0
carpech01,Chris,Carpenter,R,R,12,52,439,42,8,0,2,2,1,18,21,0,37,6,18,251,185,10,1,0,0,2,1,350,PITCHER,2018,0
gonzalu01,Luis,Gonzalez,L,R,1155,2591,9157,1573,596,68,354,111,98,1412,1439,128,87,22,24,120,4520,64,5,0,0,1,NULL,2591,LF,2014,0
berryke01,Ken,Berry,R,R,298,1053,4136,822,150,23,58,30,17,422,343,45,NULL,NULL,NULL,85,2722,30,1,0,2,NULL,NULL,1384,CF,1981,0
fernato01,Tony,Fernandez,B,R,690,2276,7911,1676,414,92,94,64,61,1057,844,246,150,49,43,5544,3214,196,5,0,4,1,1,2158,SS,2007,0
mcauldi01,Dick,McAuliffe,L,R,882,1530,6185,1031,231,71,197,33,30,888,697,63,47,10,12,4225,3267,260,3,NULL,NULL,1,1,1763,2B,1981,0
bowala01,Larry,Bowa,B,R,474,2191,8418,1815,262,99,15,17,43,987,525,318,118,30,32,6864,3323,211,5,0,2,1,NULL,2247,SS,1991,0
weisswa01,Walt,Weiss,B,R,658,1207,4686,969,182,31,25,40,42,623,386,96,147,28,46,4007,2056,190,1,0,0,1,3,1495,SS,2006,0
leede02,Derrek,Lee,R,R,874,1959,6962,1166,432,30,331,70,55,1081,1078,104,111,27,27,1367,14910,98,2,0,3,1,NULL,1942,1B,2017,0
oliveal01,Al,Oliver,L,L,535,2743,9049,1918,529,77,219,82,95,1189,1326,84,92,21,28,498,9040,131,7,0,0,1,NULL,2368,CF,1991,0
mcnalda01,Dave,McNally,R,L,58,97,731,65,23,0,9,0,1,49,43,0,27,4,14,417,97,21,2,0,0,2,2,425,PITCHER,1981,0
renteed01,Edgar,Renteria,R,R,718,2327,8142,1722,436,29,140,31,76,1200,923,294,242,61,66,5706,2966,272,5,0,2,2,1,2152,SS,2017,0
guarded01,Eddie,Guardado,R,L,0,0,1,0,0,0,0,0,0,0,0,0,0,0,5,86,28,4,2,NULL,NULL,NULL,NULL,909,PITCHER,2015,0
camermi01,Mike,Cameron,R,R,867,1700,6839,980,383,59,278,87,60,1064,968,297,92,16,27,76,4954,71,1,0,3,NULL,NULL,1955,CF,2017,0
pepitjo01,Joe,Pepitone,L,L,302,1315,5097,903,158,35,219,28,35,606,721,41,39,6,11,650,9036,81,3,0,3,1,2,1397,1B,1979,0
kentje01,Jeff,Kent,R,R,801,2461,8498,1477,560,47,377,125,103,1320,1518,94,170,47,49,5918,4816,236,5,1,0,1,1,2298,2B,2014,0
harrile01,Lenny,Harris,L,R,279,1055,3924,836,161,21,37,17,25,460,369,131,15,3,17,1437,1603,131,NULL,NULL,NULL,1,1,1903,3B,2011,0
burleri01,Rick,Burleson,R,R,420,1401,5139,1072,256,23,50,28,46,656,449,72,44,14,14,4109,2349,189,3,0,1,NULL,1,1346,SS,1993,0
whitero01,Roy,White,B,R,934,1803,6650,1292,300,51,160,29,69,964,758,233,79,22,25,122,3443,52,1,NULL,NULL,2,1,1881,LF,1985,0
darliro01,Ron,Darling,R,R,15,76,526,51,21,2,2,1,1,39,21,1,7,0,8,391,177,37,0,0,1,1,NULL,402,PITCHER,2001,0
mcmulke01,Ken,McMullen,R,R,510,1273,5131,919,172,26,156,17,38,568,606,20,1,0,1,2775,1769,165,NULL,NULL,NULL,1,1,1583,3B,1983,0
groteje01,Jerry,Grote,R,R,399,1092,4339,871,160,22,39,26,33,352,404,15,81,18,26,666,8103,82,2,NULL,NULL,2,3,1421,CATCHER,1987,0
wathajo01,John,Wathan,R,R,199,656,2505,520,90,25,21,14,18,305,261,105,34,5,18,284,3388,52,NULL,NULL,NULL,1,1,860,CATCHER,1991,0
moyerja01,Jamie,Moyer,L,L,35,51,400,46,5,0,0,1,2,24,15,0,5,0,8,644,279,22,1,0,0,1,1,701,PITCHER,2018,0
gordoto01,Tom,Gordon,R,R,0,0,2,0,0,0,0,0,0,0,0,0,0,0,21,268,185,20,3,0,0,1,NULL,893,PITCHER,2015,0
daultda01,Darren,Daulton,L,R,629,891,3630,532,197,25,137,24,41,511,588,50,64,18,22,469,5835,74,3,0,0,1,2,1161,CATCHER,2003,0
stewada01,Dave,Stewart,R,R,3,10,51,8,1,1,0,0,0,5,4,0,7,0,22,232,197,26,1,0,0,3,3,523,PITCHER,2001,0
gracema01,Mark,Grace,L,L,1075,2445,8065,1716,511,45,173,34,99,1179,1146,70,82,27,25,1665,18503,110,3,0,4,1,NULL,2245,1B,2009,0
lopezja01,Javy,Lopez,R,R,357,1527,5319,981,267,19,260,66,45,674,864,8,205,57,60,631,8991,73,3,0,0,1,3,1503,CATCHER,2012,0
gurala01,Larry,Gura,B,L,2,3,33,3,0,0,0,0,0,1,1,0,0,0,9,369,107,7,0,NULL,NULL,1,1,405,PITCHER,1991,0
scottmi03,Mike,Scott,R,R,27,81,653,65,14,0,2,0,4,33,45,2,6,0,2,299,156,23,2,0,0,NULL,NULL,348,PITCHER,1997,0
damonjo01,Johnny,Damon,L,L,1003,2769,9736,1903,522,109,235,50,71,1668,1139,408,261,72,59,79,4732,57,2,0,0,2,NULL,2490,CF,2018,0
mcbriba01,Bake,McBride,L,R,248,1153,3853,868,167,55,63,40,39,548,430,183,86,21,22,59,2163,25,0,0,0,1,NULL,1071,RF,1989,0
bartobo01,Bob,Barton,R,R,87,237,1049,194,31,3,9,5,6,54,66,3,NULL,NULL,NULL,185,1986,28,NULL,NULL,NULL,NULL,NULL,393,CATCHER,1980,0
cartyri01,Rico,Carty,R,R,642,1677,5606,1178,278,17,204,13,54,712,890,21,10,3,3,65,1846,51,1,NULL,NULL,1,NULL,1651,LF,1985,0
morrija02,Jack,Morris,R,R,0,0,1,0,0,0,0,0,0,4,0,0,4,0,14,413,387,29,5,0,0,4,NULL,568,PITCHER,2000,1
alouje01,Jesus,Alou,R,R,138,1216,4345,988,170,26,32,30,20,448,377,31,27,6,13,63,1693,58,NULL,NULL,NULL,2,NULL,1380,RF,1985,0
brownla01,Larry,Brown,R,R,317,803,3449,635,108,13,47,22,23,331,254,22,0,0,1,2585,1665,150,NULL,NULL,NULL,1,NULL,1129,SS,1980,0
reuscri01,Rick,Reuschel,R,R,46,187,1115,144,35,4,4,3,5,82,79,3,6,0,8,667,328,29,3,0,2,NULL,2,579,PITCHER,1997,0
grossgr01,Greg,Gross,L,L,523,1073,3745,890,130,46,7,8,39,449,308,39,21,3,18,108,1882,33,NULL,NULL,NULL,1,1,1809,LF,1995,0
clarkja01,Jack,Clark,R,R,1262,1826,6847,1115,332,39,340,24,83,1118,1180,77,47,14,14,456,7127,105,4,0,0,NULL,2,1994,RF,1998,0
penato01,Tony,Pena,R,R,455,1687,6489,1255,298,27,107,23,38,667,708,80,71,24,29,1049,11260,118,5,0,4,NULL,2,1988,CATCHER,2003,0
booneaa01,Aaron,Boone,R,R,303,1017,3871,658,216,17,126,80,36,519,555,107,53,9,17,2033,1348,139,1,NULL,NULL,NULL,1,1152,3B,2015,0
goltzda01,Dave,Goltz,R,R,10,10,94,10,0,0,0,1,0,1,7,0,0,0,3,287,152,21,NULL,NULL,NULL,1,NULL,356,PITCHER,1989,0
jonescl01,Cleon,Jones,R,L,360,1196,4263,887,183,33,93,40,41,565,524,91,81,23,20,83,2280,51,1,0,0,1,1,1213,LF,1982,0
madlobi01,Bill,Madlock,R,R,605,2008,6594,1463,348,34,163,68,69,920,860,174,65,20,17,3025,1694,222,3,0,0,1,NULL,1806,3B,1993,0
billija01,Jack,Billingham,R,R,27,62,559,54,8,0,0,0,1,21,23,0,12,0,10,344,133,17,0,NULL,NULL,2,1,476,PITCHER,1986,0
frymawo01,Woodie,Fryman,R,L,14,84,609,76,6,0,2,1,2,22,25,1,3,0,4,389,97,6,0,NULL,NULL,NULL,NULL,625,PITCHER,1989,0
mcgloly01,Lynn,McGlothen,L,R,11,79,456,62,17,0,0,0,3,30,25,0,NULL,NULL,NULL,174,98,7,1,NULL,NULL,NULL,NULL,320,PITCHER,1988,0
higgibo02,Bobby,Higginson,L,R,649,1336,4910,846,270,33,187,37,52,736,709,91,NULL,NULL,NULL,124,2588,64,NULL,NULL,NULL,NULL,NULL,1362,LF,2011,0
drewjd01,J. D.,Drew,L,R,862,1437,5173,874,273,48,242,55,44,944,795,87,184,48,55,70,2845,49,1,0,0,1,NULL,1566,RF,2017,0
suttodo01,Don,Sutton,R,R,60,195,1354,179,15,1,0,6,3,64,64,1,20,2,15,613,334,31,4,0,0,1,5,785,PITCHER,1994,1
nixonot01,Otis,Nixon,B,R,585,1379,5115,1199,142,27,11,5,28,878,318,620,81,26,24,57,3313,36,NULL,NULL,NULL,NULL,3,1709,CF,2005,0
yeagest01,Steve,Yeager,R,R,342,816,3584,580,118,16,102,27,28,357,410,14,107,27,38,674,6110,88,NULL,0,0,1,3,1269,CATCHER,1992,0
larkiba01,Barry,Larkin,R,R,939,2340,7937,1625,441,76,198,55,67,1329,960,379,71,24,17,5864,3154,235,9,1,3,1,NULL,2180,SS,2010,1
surhobj01,B. J.,Surhoff,L,R,640,2326,8258,1656,440,42,188,33,104,1062,1153,141,90,24,27,987,6661,110,1,NULL,NULL,NULL,NULL,2313,LF,2011,0
ausmubr01,Brad,Ausmus,R,R,634,1579,6279,1195,270,34,80,69,37,718,607,102,106,26,35,960,12856,80,1,0,3,NULL,1,1971,CATCHER,2016,0
zahnge01,Geoff,Zahn,L,L,0,6,43,6,0,0,0,0,0,3,1,0,0,0,1,326,87,24,NULL,0,0,NULL,1,304,PITCHER,1991,0
francjo01,John,Franco,L,L,0,3,34,3,0,0,0,0,0,2,1,0,0,0,15,234,63,11,2,0,0,NULL,2,1119,PITCHER,2011,0
thomeji01,Jim,Thome,L,R,1747,2328,8422,1239,451,26,612,69,74,1583,1699,19,232,49,71,1565,9450,137,5,0,0,NULL,2,2543,1B,2018,1
boccajo01,John,Boccabella,R,R,96,320,1462,233,56,5,26,5,16,117,148,3,NULL,NULL,NULL,243,2477,31,NULL,NULL,NULL,NULL,NULL,551,CATCHER,1980,0
johnto01,Tommy,John,R,L,33,141,900,123,13,0,5,1,3,43,54,0,12,1,14,1028,237,49,2,0,0,NULL,4,761,PITCHER,1995,0
stahlla01,Larry,Stahl,L,L,142,400,1721,287,58,19,36,6,8,167,163,22,4,2,4,56,992,15,NULL,NULL,NULL,NULL,NULL,730,LF,1979,0
houghch01,Charlie,Hough,R,R,5,33,226,28,4,0,1,1,0,7,13,0,0,0,8,578,235,22,1,NULL,NULL,NULL,3,858,PITCHER,2000,0
jeffegr01,Gregg,Jefferies,B,R,472,1593,5520,1140,300,27,126,24,52,761,663,196,27,9,7,1518,4690,100,2,NULL,NULL,NULL,NULL,1465,1B,2006,0
harrebu01,Bud,Harrelson,B,R,633,1120,4744,932,136,45,7,22,23,539,267,127,70,14,20,4112,2502,209,2,0,1,1,1,1533,SS,1986,0
johnsda02,Davey,Johnson,R,R,559,1252,4797,856,242,18,136,40,43,564,609,33,111,25,31,3339,3862,142,3,0,3,2,2,1435,2B,1984,0
hernali01,Livan,Hernandez,R,R,10,215,973,165,38,2,10,4,3,64,85,0,17,2,12,601,211,15,1,0,0,1,1,537,PITCHER,2018,0
reardje01,Jeff,Reardon,R,R,1,5,57,4,1,0,0,0,0,0,2,0,1,0,18,75,44,11,2,0,0,1,1,880,PITCHER,2000,0
matlajo01,Jon,Matlack,L,L,57,57,441,54,3,0,0,1,1,32,23,0,6,1,4,346,68,21,2,0,0,NULL,1,362,PITCHER,1989,0
giustda01,Dave,Giusti,R,R,23,77,412,61,10,2,4,3,0,29,46,0,2,0,16,264,134,15,1,0,0,1,NULL,686,PITCHER,1983,0
tekulke01,Kent,Tekulve,R,R,6,10,121,10,0,0,0,0,0,8,2,0,3,0,9,327,93,13,0,NULL,NULL,1,NULL,1050,PITCHER,1995,0
brownto05,Tom,Browning,L,L,25,95,621,78,14,1,2,0,2,42,32,5,3,0,3,245,78,20,0,NULL,NULL,1,NULL,324,PITCHER,2001,0
smithoz01,Ozzie,Smith,B,R,1072,2460,9396,1961,402,69,28,33,63,1257,793,580,144,34,42,8375,4249,281,14,0,13,1,2,2573,SS,2002,1
pendlte01,Terry,Pendleton,B,R,486,1897,7032,1362,356,39,140,15,67,851,946,127,230,58,66,3891,1386,238,1,1,3,NULL,5,1893,3B,2004,0
morgajo02,Joe,Morgan,L,R,1865,2517,9277,1704,449,96,268,40,96,1650,1133,689,181,33,50,6969,5758,245,9,2,5,2,2,2649,2B,1990,1
kleskry01,Ryan,Klesko,L,L,817,1564,5611,910,343,33,278,29,55,874,987,91,165,39,62,489,6660,78,1,NULL,NULL,1,3,1736,LF,2013,0
suttebr01,Bruce,Sutter,R,R,7,9,102,9,0,0,0,1,1,6,6,1,1,0,6,145,90,9,4,0,0,1,NULL,661,PITCHER,1994,1
rogerst01,Steve,Rogers,R,R,61,122,881,112,8,2,0,1,1,47,39,1,7,2,4,462,237,31,3,0,0,NULL,NULL,406,PITCHER,1991,0
mayle01,Lee,May,R,R,487,2031,7609,1306,340,31,354,49,65,959,1244,39,38,10,13,900,13029,90,3,0,0,NULL,2,2071,1B,1988,0
finlech01,Chuck,Finley,L,L,0,3,53,2,1,0,0,0,0,3,1,0,5,0,7,325,122,46,2,0,0,NULL,NULL,524,PITCHER,2008,0
hrbekke01,Kent,Hrbek,L,R,838,1749,6192,1126,312,18,293,26,66,903,1086,37,91,14,24,1051,13725,87,1,0,0,2,NULL,1747,1B,2000,0
porteda02,Darrell,Porter,L,R,905,1369,5539,896,237,48,188,45,63,765,826,39,120,32,37,755,6767,134,3,0,0,1,2,1782,CATCHER,1993,0
mcgwima01,Mark,McGwire,R,R,1317,1626,6187,785,252,6,583,75,78,1167,1414,12,129,28,42,1073,14464,112,9,0,1,1,2,1874,1B,2007,0
krausle02,Lew,Krausse,R,R,26,47,354,31,9,1,6,2,1,23,24,1,NULL,NULL,NULL,153,84,9,NULL,NULL,NULL,NULL,NULL,334,PITCHER,1980,0
leibrch01,Charlie,Leibrandt,R,L,13,32,267,27,3,2,0,0,2,7,14,0,6,0,13,465,151,25,NULL,NULL,NULL,1,2,394,PITCHER,1999,0
coninje01,Jeff,Conine,R,R,671,1982,6957,1347,385,36,214,41,103,870,1071,54,102,31,32,742,8866,98,1,0,0,2,NULL,2024,1B,2013,0
dennyjo01,John,Denny,R,R,19,97,570,86,9,2,0,1,3,44,29,9,6,1,3,451,179,32,NULL,0,0,NULL,1,326,PITCHER,1992,0
meltobi01,Bill,Melton,R,R,479,1004,3971,673,162,9,160,44,43,496,591,23,NULL,NULL,NULL,2079,1178,149,0,NULL,NULL,NULL,NULL,1144,3B,1983,0
boggswa01,Wade,Boggs,L,R,1412,3010,9180,2253,578,61,118,23,96,1513,1014,24,154,42,39,4304,2115,232,12,0,2,1,1,2440,3B,2005,1
wettejo01,John,Wetteland,R,R,0,7,42,4,2,0,1,0,0,4,8,0,0,0,17,60,27,12,2,0,0,1,NULL,618,PITCHER,2006,0
venturo01,Robin,Ventura,L,R,1075,1885,7064,1239,338,14,294,23,76,1006,1182,24,124,22,37,3616,2215,227,2,0,6,NULL,2,2079,3B,2010,0
darwida01,Danny,Darwin,R,R,6,39,305,24,11,2,2,1,2,15,22,2,NULL,NULL,NULL,364,184,27,NULL,NULL,NULL,NULL,NULL,722,PITCHER,2004,0
johnsal01,Alex,Johnson,R,R,244,1331,4623,1040,180,33,78,36,33,550,525,113,NULL,NULL,NULL,61,1641,84,1,NULL,NULL,1,NULL,1322,LF,1982,0
moraljo01,Jose,Morales,R,R,89,375,1305,275,68,6,26,6,15,126,207,0,2,0,2,57,498,10,NULL,NULL,NULL,1,NULL,733,DH,1990,0
knowlda01,Darold,Knowles,L,L,9,15,125,14,0,1,0,1,1,2,11,0,0,0,8,276,51,29,1,NULL,NULL,3,NULL,766,PITCHER,1986,0
tiantlu01,Luis,Tiant,R,R,13,84,513,64,14,1,5,1,2,36,44,1,8,2,6,389,221,35,3,0,0,NULL,1,573,PITCHER,1988,0
lolicmi01,Mickey,Lolich,B,L,105,90,821,83,5,2,0,5,1,63,31,1,19,3,5,448,100,38,2,0,0,1,NULL,592,PITCHER,1985,0
